"","gene_name","chromosome","start","end"
"1","HES4","chr1",998962,1000172
"2","SKI","chr1",2227388,2310213
"3","HES5","chr1",2528745,2530263
"4","PRDM16","chr1",3069168,3438621
"5","TP73","chr1",3652516,3736201
"6","HES3","chr1",6244179,6245578
"7","HES2","chr1",6412418,6424670
"8","ZBTB48","chr1",6579994,6589280
"9","THAP3","chr1",6624868,6635586
"10","CAMTA1","chr1",6785454,7769706
"11","CENPS","chr1",10430433,10442808
"12","CASZ1","chr1",10636604,10796650
"13","PRDM2","chr1",13700188,13825079
"14","SPEN","chr1",15836095,15940456
"15","ZBTB17","chr1",15941869,15976132
"16","PAX7","chr1",18630846,18748866
"17","ZBTB40","chr1",22428838,22531157
"18","ZNF436","chr1",23359448,23369836
"19","E2F2","chr1",23506438,23531233
"20","GRHL3","chr1",24199558,24364482
"21","RUNX3","chr1",24899511,24965121
"22","ZNF683","chr1",26361634,26374522
"23","LIN28A","chr1",26410817,26429728
"24","AHDC1","chr1",27534035,27604431
"25","GMEB1","chr1",28668778,28719353
"26","ZBTB8B","chr1",32465072,32496686
"27","ZBTB8A","chr1",32539427,32605941
"28","ZNF362","chr1",33256492,33300719
"29","ZSCAN20","chr1",33472645,33501643
"30","TFAP2E","chr1",35573314,35595328
"31","MTF1","chr1",37809574,37859592
"32","POU3F1","chr1",38043829,38046793
"33","HEYL","chr1",39623435,39639643
"34","MYCL","chr1",39895428,39902256
"35","RLF","chr1",40161387,40240921
"36","ZFP69B","chr1",40450102,40463718
"37","ZFP69","chr1",40477290,40496343
"38","ZNF684","chr1",40531573,40548167
"39","NFYC","chr1",40691648,40771603
"40","SCMH1","chr1",41027202,41242306
"41","FOXO6","chr1",41361922,41383590
"42","HIVEP3","chr1",41506365,42035925
"43","FOXJ3","chr1",42176539,42335877
"44","YBX1","chr1",42682418,42703805
"45","ZNF691","chr1",42846573,42852477
"46","KLF17","chr1",44118821,44135140
"47","CCDC17","chr1",45620044,45624057
"48","GPBP1L1","chr1",45627304,45688113
"49","DMBX1","chr1",46489836,46516216
"50","TAL1","chr1",47216290,47232225
"51","FOXE3","chr1",47416285,47418052
"52","FOXD2","chr1",47438044,47440691
"53","DMRTA2","chr1",50417550,50423443
"54","DMRTB1","chr1",53459399,53467488
"55","GLIS1","chr1",53506237,53739164
"56","MYSM1","chr1",58643440,58700090
"57","JUN","chr1",58776845,58784048
"58","NFIA","chr1",60865259,61462788
"59","FOXD3","chr1",63322567,63325128
"60","LHX8","chr1",75128434,75161533
"61","ZZZ3","chr1",77562416,77683419
"62","GTF2B","chr1",88852633,88891944
"63","ZNF326","chr1",89995110,90035533
"64","BARHL2","chr1",90711539,90717302
"65","ZNF644","chr1",90915298,91022272
"66","GFI1","chr1",92473043,92486925
"67","MTF2","chr1",93079235,93139079
"68","DR1","chr1",93345907,93369493
"69","ALX3","chr1",110059870,110070672
"70","NHLH2","chr1",115836377,115843917
"71","TBX15","chr1",118883046,118989556
"72","ZNF697","chr1",119619377,119648266
"73","ARNT","chr1",150809713,150876708
"74","SETDB1","chr1",150926263,150964744
"75","ZNF687","chr1",151281618,151292176
"76","RFX5","chr1",151340640,151347326
"77","RORC","chr1",151806071,151831845
"78","GATAD2B","chr1",153789030,153923360
"79","CREB3L4","chr1",153967534,153974361
"80","ZBTB7B","chr1",155002630,155018523
"81","ASH1L","chr1",155335268,155563162
"82","GLMP","chr1",156290089,156295689
"83","MEF2D","chr1",156463727,156500779
"84","ETV3L","chr1",157092043,157112412
"85","ETV3","chr1",157121191,157138474
"86","NHLH1","chr1",160367071,160372846
"87","USF1","chr1",161039251,161045977
"88","NR1I3","chr1",161229666,161238244
"89","ATF6","chr1",161766298,161977574
"90","PBX1","chr1",164555584,164899296
"91","LMX1A","chr1",165201867,165356715
"92","RXRG","chr1",165400922,165445355
"93","POGK","chr1",166839447,166856359
"94","POU2F1","chr1",167220876,167427345
"95","TBX19","chr1",168280877,168314426
"96","PRRX1","chr1",170662728,170739421
"97","ZBTB37","chr1",173868082,173903547
"98","LHX4","chr1",180230264,180278984
"99","ZNF648","chr1",182054570,182061712
"100","ZBTB41","chr1",197153682,197201293
"101","LHX9","chr1",197911902,197935478
"102","NR5A2","chr1",200027614,200177420
"103","ZNF281","chr1",200404940,200410056
"104","ASCL5","chr1",201113943,201127184
"105","ELF3","chr1",202007945,202017183
"106","KDM5B","chr1",202724495,202808487
"107","MYOG","chr1",203083129,203086012
"108","ZBED6","chr1",203795623,203854124
"109","SOX13","chr1",204073115,204127743
"110","ELK4","chr1",205597556,205632011
"111","IRF6","chr1",209785617,209806175
"112","ATF3","chr1",212565334,212620777
"113","BATF3","chr1",212686417,212699840
"114","PROX1","chr1",213983181,214041510
"115","ESRRG","chr1",216503246,217137755
"116","HLX","chr1",220879431,220885059
"117","MIXL1","chr1",226223618,226227060
"118","ZNF678","chr1",227563543,227677443
"119","ZBTB18","chr1",244048547,244057476
"120","SMYD3","chr1",245749342,246507312
"121","AHCTF1","chr1",246839098,246931948
"122","ZNF695","chr1",246945547,247008093
"123","ZNF670","chr1",247034637,247078811
"124","ZNF669","chr1",247099962,247104372
"125","ZNF124","chr1",247121975,247172020
"126","ZNF496","chr1",247297412,247331867
"127","ZNF672","chr1",248838210,248849517
"128","ZNF692","chr1",248850006,248859144
"129","MYT1L","chr2",1789113,2331664
"130","SOX11","chr2",5692384,5701385
"131","GRHL1","chr2",9951693,10002277
"132","KLF11","chr2",10042849,10054836
"133","E2F6","chr2",11444375,11466177
"134","MYCN","chr2",15940550,15947007
"135","MSGN1","chr2",17816460,17817798
"136","OSR1","chr2",19351485,19358623
"137","NCOA1","chr2",24491254,24770702
"138","CENPA","chr2",26764289,26801067
"139","PREB","chr2",27130756,27134666
"140","TCF23","chr2",27149004,27156974
"141","ZNF513","chr2",27377235,27380790
"142","ZNF512","chr2",27582969,27623217
"143","FOSL2","chr2",28392448,28417317
"144","CEBPZ","chr2",37201612,37231596
"145","SIX3","chr2",44941702,44946071
"146","SIX2","chr2",45005182,45009452
"147","EPAS1","chr2",46293667,46386697
"148","FOXN2","chr2",48314637,48379295
"149","BCL11A","chr2",60450520,60554467
"150","REL","chr2",60881491,60931612
"151","OTX1","chr2",63050057,63057836
"152","MEIS1","chr2",66433452,66573869
"153","MXD1","chr2",69897688,69942945
"154","FIGLA","chr2",70777310,70790643
"155","VAX2","chr2",70900576,70965373
"156","EMX1","chr2",72916260,72936071
"157","NOTO","chr2",73202574,73212513
"158","EGR4","chr2",73290929,73293701
"159","TET3","chr2",73984910,74108177
"160","LBX2","chr2",74497517,74503316
"161","TLX2","chr2",74513463,74517148
"162","KCMF1","chr2",84971093,85059472
"163","TCF7L1","chr2",85133392,85310387
"164","ATOH8","chr2",85751344,85791383
"165","FOXI3","chr2",88446787,88452693
"166","ZNF514","chr2",95122087,95165668
"167","ZNF2","chr2",95165432,95184317
"168","KCNIP3","chr2",95297327,95386077
"169","ARID5A","chr2",96536743,96552638
"170","NPAS2","chr2",100820139,100996829
"171","RFX8","chr2",101397359,101475112
"172","POU3F3","chr2",104853287,104858574
"173","ZC3H8","chr2",112211529,112255136
"174","PAX8","chr2",113215997,113278921
"175","FOXD4L1","chr2",113498665,113501150
"176","EN1","chr2",118842171,118847648
"177","GLI2","chr2",120735623,120992653
"178","TFCP2L1","chr2",121216587,121285202
"179","ZEB2","chr2",144364364,144521057
"180","NR4A2","chr2",156324437,156342348
"181","BAZ2B","chr2",159315312,159616569
"182","TBR1","chr2",161416297,161425870
"183","CSRNP3","chr2",165469647,165689407
"184","SP5","chr2",170715337,170718078
"185","DLX1","chr2",172084740,172089677
"186","DLX2","chr2",172099438,172102900
"187","SP3","chr2",173880850,173965373
"188","SP9","chr2",174334954,174338500
"189","ATF2","chr2",175072250,175168382
"190","EVX2","chr2",176077472,176083962
"191","HOXD13","chr2",176092721,176095944
"192","HOXD12","chr2",176099795,176102489
"193","HOXD11","chr2",176104216,176109754
"194","HOXD10","chr2",176108790,176119937
"195","HOXD9","chr2",176122719,176124937
"196","HOXD8","chr2",176129694,176132695
"197","HOXD3","chr2",176136612,176173102
"198","HOXD4","chr2",176151550,176153226
"199","HOXD1","chr2",176188668,176190907
"200","NFE2L2","chr2",177218667,177392756
"201","ZNF385B","chr2",179441982,179861612
"202","NEUROD1","chr2",181668295,181680827
"203","ZNF804A","chr2",184598529,184939492
"204","STAT1","chr2",190908460,191020960
"205","STAT4","chr2",191029576,191178435
"206","SATB2","chr2",199269505,199471266
"207","CARF","chr2",202912214,202988263
"208","KLF7","chr2",207074137,207173856
"209","CREB1","chr2",207529737,207605988
"210","IKZF2","chr2",212999691,213152427
"211","ZNF142","chr2",218633329,218659655
"212","FEV","chr2",218981087,218985184
"213","ANKZF1","chr2",219229783,219236679
"214","PAX3","chr2",222199887,222298998
"215","SP110","chr2",230165186,230225729
"216","SP140","chr2",230203110,230313215
"217","SP140L","chr2",230327184,230403732
"218","SP100","chr2",230415942,230545606
"219","TIGD1","chr2",232543883,232550557
"220","GBX2","chr2",236165236,236168386
"221","HES6","chr2",238238267,238240662
"222","TWIST2","chr2",238848032,238910534
"223","MTERF4","chr2",241072169,241102332
"224","THAP4","chr2",241584405,241637158
"225","BHLHE40","chr3",4979437,4985323
"226","PPARG","chr3",12287368,12434356
"227","NR2C2","chr3",14947583,15053600
"228","RBSN","chr3",15070069,15099163
"229","SATB1","chr3",18345377,18445621
"230","ZNF385D","chr3",21412218,22373321
"231","NR1D2","chr3",23945286,23980637
"232","THRB","chr3",24117153,24495756
"233","RARB","chr3",24687887,25597932
"234","EOMES","chr3",27715949,27722711
"235","ZNF860","chr3",31981750,31991723
"236","UBP1","chr3",33388336,33441371
"237","CSRNP1","chr3",39141855,39154562
"238","ZNF619","chr3",40477113,40491053
"239","ZNF620","chr3",40477131,40518736
"240","ZNF621","chr3",40524878,40574685
"241","ZBTB47","chr3",42653697,42667580
"242","ZNF662","chr3",42906142,42919334
"243","ZNF445","chr3",44431705,44477670
"244","ZNF852","chr3",44491766,44510636
"245","ZKSCAN7","chr3",44555193,44594173
"246","ZNF660","chr3",44578223,44599694
"247","ZNF197","chr3",44584888,44648471
"248","ZNF35","chr3",44648732,44660791
"249","ZNF502","chr3",44712643,44723831
"250","ZNF501","chr3",44729596,44737083
"251","LTF","chr3",46435645,46485234
"252","ZNF589","chr3",48241100,48299253
"253","HESX1","chr3",57197838,57227606
"254","FEZF2","chr3",62369681,62374324
"255","TMF1","chr3",69019827,69052339
"256","MITF","chr3",69739456,69968336
"257","FOXP1","chr3",70954693,71583978
"258","ZNF717","chr3",75678660,75785583
"259","POU1F1","chr3",87259404,87276584
"260","CGGBP1","chr3",88051944,88149885
"261","ZNF654","chr3",88059255,88144660
"262","ZBTB11","chr3",101648889,101677135
"263","BBX","chr3",107522936,107811339
"264","ZBED2","chr3",111592900,111595346
"265","USF3","chr3",113648385,113696646
"266","ZNF80","chr3",114234631,114237578
"267","ZBTB20","chr3",114314500,115147292
"268","NR1I2","chr3",119780484,119818487
"269","ARGFX","chr3",121567949,121590622
"270","ZNF148","chr3",125225669,125375325
"271","KLF15","chr3",126342635,126357408
"272","ZXDC","chr3",126437601,126475891
"273","GATA2","chr3",128479427,128493201
"274","MBD4","chr3",129430947,129440179
"275","SOX14","chr3",137764315,137766334
"276","FOXL2","chr3",138944224,138947137
"277","ZBTB38","chr3",141324213,141449792
"278","TFDP2","chr3",141944428,142149544
"279","PLSCR1","chr3",146515180,146544856
"280","ZIC4","chr3",147386046,147406809
"281","ZIC1","chr3",147393422,147510293
"282","SHOX2","chr3",158095905,158106420
"283","MECOM","chr3",169083499,169663775
"284","MYNN","chr3",169773396,169789716
"285","SKIL","chr3",170357342,170396835
"286","ZNF639","chr3",179323031,179338583
"287","SOX2","chr3",181711925,181714436
"288","ETV5","chr3",186046314,186110318
"289","BCL6","chr3",187721377,187745725
"290","TP63","chr3",189631389,189897276
"291","HES1","chr3",194136148,194138732
"292","ZNF595","chr4",53286,88208
"293","ZNF718","chr4",124501,202303
"294","ZNF732","chr4",270675,305474
"295","ZNF141","chr4",337814,384868
"296","ZNF721","chr4",425815,499156
"297","NKX1-1","chr4",1402932,1406442
"298","MXD4","chr4",2247432,2262109
"299","MSANTD1","chr4",3244369,3271738
"300","ZBTB49","chr4",4290251,4321786
"301","MSX1","chr4",4859665,4863936
"302","HMX1","chr4",8846076,8871839
"303","ZNF518B","chr4",10439880,10457426
"304","NKX3-2","chr4",13540830,13544508
"305","FAM200B","chr4",15681662,15690447
"306","LCORL","chr4",17841187,18021876
"307","RBPJ","chr4",26163455,26435131
"308","KLF3","chr4",38664197,38701517
"309","PHOX2B","chr4",41744082,41748725
"310","NFXL1","chr4",47847233,47914667
"311","GSX2","chr4",54099523,54102498
"312","CLOCK","chr4",55427903,55546909
"313","REST","chr4",56907876,56966808
"314","THAP6","chr4",75513946,75550473
"315","PRDM8","chr4",80183879,80204329
"316","THAP9","chr4",82900684,82919969
"317","LIN54","chr4",82909973,83012926
"318","NKX6-1","chr4",84491985,84499292
"319","TIGD2","chr4",89111533,89114901
"320","ATOH1","chr4",93828753,93830964
"321","NFKB1","chr4",102501330,102617302
"322","CXXC4","chr4",104468308,104494901
"323","TET2","chr4",105145875,105279816
"324","LEF1","chr4",108047545,108168956
"325","PITX2","chr4",110617423,110642123
"326","NEUROG2","chr4",112513516,112516180
"327","PRDM5","chr4",120684919,120922870
"328","ELF2","chr4",139028112,139177218
"329","SMAD1","chr4",145481194,145559176
"330","ZNF827","chr4",145757627,145938823
"331","POU4F2","chr4",146638893,146642474
"332","NR3C2","chr4",148078762,148444698
"333","TIGD4","chr4",152769354,152779730
"334","HAND2","chr4",173524969,173530229
"335","IRF2","chr4",184385702,184474558
"336","HELT","chr4",185018490,185020953
"337","ZFP42","chr4",187995771,188005046
"338","DUX4","chr4",190173774,190185942
"339","AHRR","chr5",321714,438291
"340","IRX4","chr5",1877413,1887236
"341","IRX2","chr5",2745845,2751677
"342","IRX1","chr5",3595832,3601403
"343","PRDM9","chr5",23443586,23528093
"344","ZNF131","chr5",43065176,43192021
"345","ISL1","chr5",51383448,51394730
"346","GPBP1","chr5",57173948,57264679
"347","ZNF366","chr5",72439903,72507410
"348","FOXD1","chr5",73444827,73448777
"349","ZBED3","chr5",77072072,77087285
"350","OTP","chr5",77628712,77638713
"351","SPZ1","chr5",80319625,80321842
"352","MEF2C","chr5",88717117,88904257
"353","NR2F1","chr5",93583222,93594611
"354","POU5F2","chr5",93733220,93741600
"355","FAM170A","chr5",119629558,119635822
"356","ZNF474","chr5",122129546,122182658
"357","PRDM6","chr5",123089241,123194266
"358","ZNF608","chr5",124636913,124748807
"359","IRF1","chr5",132440440,132508719
"360","TCF7","chr5",134114681,134151865
"361","PITX1","chr5",135027734,135034813
"362","NEUROG1","chr5",135534282,135535964
"363","SMAD5","chr5",136132845,136188747
"364","EGR1","chr5",138465479,138469303
"365","CXXC5","chr5",139647299,139683882
"366","PURA","chr5",140107777,140125619
"367","NR3C1","chr5",143277931,143435512
"368","POU4F3","chr5",146338839,146341728
"369","TIGD6","chr5",149993118,150000654
"370","CDX1","chr5",150166778,150184558
"371","ZNF300","chr5",150894392,150904983
"372","HAND1","chr5",154474972,154478227
"373","SOX30","chr5",157625679,157671480
"374","EBF1","chr5",158695920,159099916
"375","FOXI1","chr5",170105897,170109734
"376","TLX3","chr5",171309248,171312139
"377","NKX2-5","chr5",173232109,173235311
"378","MSX2","chr5",174724582,174730896
"379","ZNF346","chr5",177022696,177081189
"380","MXD3","chr5",177301461,177312757
"381","PROP1","chr5",177992235,177996242
"382","ZNF354A","chr5",178711512,178730659
"383","ZNF354B","chr5",178859953,178888122
"384","ZFP2","chr5",178895898,178933212
"385","ZNF454","chr5",178941191,178966433
"386","ZNF879","chr5",179023804,179035064
"387","ZNF354C","chr5",179060373,179083977
"388","ZFP62","chr5",180847611,180861285
"389","IRF4","chr6",391739,411443
"390","FOXQ1","chr6",1312098,1314758
"391","FOXF2","chr6",1389576,1395603
"392","FOXC1","chr6",1609915,1613897
"393","RREB1","chr6",7107597,7251980
"394","TFAP2A","chr6",10393186,10419659
"395","GCM2","chr6",10873223,10882041
"396","HIVEP1","chr6",12008762,12164999
"397","E2F3","chr6",20401879,20493714
"398","SOX4","chr6",21593751,21598619
"399","ZNF322","chr6",26634383,26659752
"400","ZNF391","chr6",27374615,27403908
"401","ZNF184","chr6",27450743,27473118
"402","ZNF165","chr6",28080568,28089563
"403","ZSCAN16","chr6",28107689,28130082
"404","ZKSCAN8","chr6",28141883,28159460
"405","ZSCAN9","chr6",28224886,28233487
"406","ZKSCAN4","chr6",28241697,28252269
"407","ZSCAN26","chr6",28267058,28278224
"408","ZSCAN31","chr6",28324693,28356271
"409","ZKSCAN3","chr6",28349947,28369172
"410","ZSCAN12","chr6",28378821,28399747
"411","ZSCAN23","chr6",28431930,28443502
"412","ZNF311","chr6",28994785,29005316
"413","ZFP57","chr6",29672483,29681155
"414","POU5F1","chr6",31164337,31180731
"415","ZBTB12","chr6",31899613,31902086
"416","ATF6B","chr6",32115264,32128253
"417","PBX2","chr6",32184733,32190202
"418","RXRB","chr6",33193588,33200665
"419","ZBTB22","chr6",33314406,33317942
"420","PHF1","chr6",33410399,33416453
"421","ZBTB9","chr6",33453970,33457544
"422","HMGA1","chr6",34236873,34246231
"423","SPDEF","chr6",34537802,34556333
"424","ZNF76","chr6",35258909,35295985
"425","PPARD","chr6",35342558,35428191
"426","TEAD3","chr6",35473597,35497079
"427","ETV7","chr6",36354091,36387800
"428","NFYA","chr6",41072974,41102403
"429","FOXP4","chr6",41546381,41602384
"430","TFEB","chr6",41683978,41736259
"431","TRERF1","chr6",42224931,42452051
"432","SRF","chr6",43171269,43181506
"433","ZNF318","chr6",43307134,43369647
"434","CDC5L","chr6",44387706,44450425
"435","RUNX2","chr6",45328157,45664349
"436","TFAP2D","chr6",50713526,50773033
"437","TFAP2B","chr6",50818723,50847619
"438","GCM1","chr6",53126961,53148841
"439","ZNF451","chr6",57086844,57170305
"440","HMGN3","chr6",79201245,79234689
"441","TBX18","chr6",84687351,84764598
"442","ZNF292","chr6",87151803,87265943
"443","BACH2","chr6",89926528,90296843
"444","POU3F2","chr6",98834574,98839458
"445","PRDM13","chr6",99606774,99615578
"446","SIM1","chr6",100385009,100464921
"447","LIN28B","chr6",104936616,105083332
"448","PRDM1","chr6",105993463,106109939
"449","SCML4","chr6",107702154,107824317
"450","NR2E1","chr6",108166022,108188805
"451","FOXO3","chr6",108559835,108684774
"452","ZBTB24","chr6",109460632,109483239
"453","RFX6","chr6",116877212,116932161
"454","HSF2","chr6",122399551,122433119
"455","HEY2","chr6",125747664,125761269
"456","L3MBTL3","chr6",130013699,130141449
"457","TCF21","chr6",133889113,133895553
"458","TBPL1","chr6",133952170,133990432
"459","MYB","chr6",135181308,135219173
"460","OLIG3","chr6",137492199,137494394
"461","HIVEP2","chr6",142751469,142956698
"462","PLAGL1","chr6",143940300,144064599
"463","ZBTB2","chr6",151364115,151391559
"464","ESR1","chr6",151656691,152129619
"465","TBP","chr6",170554302,170572870
"466","UNCX","chr7",1232872,1237326
"467","MAFK","chr7",1530702,1543043
"468","FOXK1","chr7",4682295,4771442
"469","RBAK","chr7",5045821,5069487
"470","ZNF853","chr7",6615610,6624290
"471","ZNF316","chr7",6637318,6658279
"472","ZNF12","chr7",6688433,6706947
"473","ETV1","chr7",13891229,13991425
"474","MEOX2","chr7",15611212,15686683
"475","AHR","chr7",16916359,17346152
"476","TWIST1","chr7",19020991,19117636
"477","FERD3L","chr7",19144782,19145421
"478","SP8","chr7",20782279,20786886
"479","SP4","chr7",21428043,21514822
"480","NFE2L3","chr7",26152198,26187137
"481","HOXA1","chr7",27092993,27096000
"482","HOXA2","chr7",27100354,27102686
"483","HOXA3","chr7",27106184,27152583
"484","HOXA4","chr7",27128507,27130780
"485","HOXA5","chr7",27141052,27143681
"486","HOXA6","chr7",27145396,27150603
"487","HOXA7","chr7",27153716,27157936
"488","HOXA9","chr7",27162438,27175180
"489","HOXA10","chr7",27170605,27180261
"490","HOXA11","chr7",27181157,27185232
"491","HOXA13","chr7",27193503,27200091
"492","EVX1","chr7",27242700,27250493
"493","JAZF1","chr7",27830573,28180795
"494","CREB5","chr7",28299321,28825894
"495","NEUROD6","chr7",31337465,31340726
"496","TBX20","chr7",35202430,35254100
"497","POU6F2","chr7",38977909,39493095
"498","GLI3","chr7",41960949,42264100
"499","AEBP1","chr7",44104345,44114562
"500","PURB","chr7",44876299,44885530
"501","IKZF1","chr7",50304068,50405101
"502","ZNF713","chr7",55887456,55942530
"503","ZNF479","chr7",57117676,57139864
"504","ZNF716","chr7",57450177,57473559
"505","ZNF727","chr7",64045429,64114556
"506","ZNF735","chr7",64207203,64220290
"507","ZNF679","chr7",64228474,64266931
"508","ZNF736","chr7",64307459,64356634
"509","ZNF680","chr7",64519878,64563075
"510","ZNF107","chr7",64666099,64711577
"511","ZNF138","chr7",64794388,64833681
"512","ZNF273","chr7",64870172,64930981
"513","ZNF117","chr7",64970663,65006687
"514","ZNF92","chr7",65373799,65401136
"515","MLXIPL","chr7",73593194,73624543
"516","GTF2IRD1","chr7",74453790,74602605
"517","GTF2I","chr7",74650231,74760692
"518","GTF2IRD2","chr7",74796151,74851605
"519","GTF2IRD2B","chr7",75092573,75149817
"520","DMTF1","chr7",87152409,87196337
"521","ZNF804B","chr7",88759700,89338528
"522","MTERF1","chr7",91692008,91880702
"523","DLX6","chr7",97005553,97011040
"524","DLX5","chr7",97020396,97024950
"525","BHLHA15","chr7",98211439,98215457
"526","ZNF789","chr7",99472890,99503650
"527","ZNF394","chr7",99473877,99504857
"528","ZKSCAN5","chr7",99504662,99534700
"529","ZNF655","chr7",99558406,99576453
"530","ZSCAN25","chr7",99616946,99632408
"531","ZKSCAN1","chr7",100015572,100041689
"532","ZSCAN21","chr7",100049774,100065040
"533","ZNF3","chr7",100064033,100082548
"534","CUX1","chr7",101815904,102283958
"535","NFE4","chr7",102973354,102988856
"536","HBP1","chr7",107168961,107202522
"537","THAP5","chr7",108554543,108569750
"538","ZNF277","chr7",112206695,112343934
"539","FOXP2","chr7",114086327,114693772
"540","TFEC","chr7",115935148,116159896
"541","FEZF1","chr7",122301303,122310691
"542","ZNF800","chr7",127346790,127431924
"543","PAX4","chr7",127610292,127618142
"544","IRF5","chr7",128937457,128950038
"545","NRF1","chr7",129611720,129757082
"546","KLF14","chr7",130730697,130734207
"547","CHCHD3","chr7",132784870,133082090
"548","CREB3L2","chr7",137874979,138002086
"549","NOBOX","chr7",144397240,144410227
"550","ZNF786","chr7",149069641,149090782
"551","ZNF425","chr7",149102784,149126324
"552","ZNF398","chr7",149126416,149183042
"553","ZNF282","chr7",149195546,149226243
"554","ZNF212","chr7",149239651,149255606
"555","ZNF783","chr7",149262171,149297302
"556","ZNF777","chr7",149431363,149461062
"557","ZNF746","chr7",149472696,149497817
"558","ZNF467","chr7",149764182,149773588
"559","REPIN1","chr7",150368189,150374044
"560","ZNF775","chr7",150368790,150398630
"561","GBX1","chr7",151148009,151174745
"562","EN2","chr7",155458129,155464831
"563","MNX1","chr7",156994051,157010663
"564","ZNF596","chr8",232137,264703
"565","ZNF705G","chr8",7355517,7385558
"566","ZNF705B","chr8",7926337,7952413
"567","SOX7","chr8",10723768,10730511
"568","GATA4","chr8",11676959,11760002
"569","ZNF705D","chr8",12089338,12115516
"570","EGR3","chr8",22687659,22693480
"571","NKX3-1","chr8",23678697,23682938
"572","NKX2-6","chr8",23701740,23706756
"573","EBF2","chr8",25841725,26045413
"574","ZNF395","chr8",28345590,28402701
"575","HMBOX1","chr8",28890395,29064764
"576","PURG","chr8",30995802,31033715
"577","ZNF703","chr8",37695782,37700019
"578","BRF2","chr8",37843268,37849861
"579","ZMAT4","chr8",40530590,40897833
"580","NKX6-3","chr8",41645177,41650817
"581","THAP1","chr8",42836674,42843325
"582","CEBPD","chr8",47736913,47738164
"583","SNAI2","chr8",48917598,48921740
"584","ST18","chr8",52110838,52460959
"585","SOX17","chr8",54457935,54460892
"586","PLAG1","chr8",56160909,56211324
"587","BHLHE22","chr8",64580365,64583627
"588","MYBL1","chr8",66562175,66614247
"589","TCF24","chr8",66946501,66962591
"590","PRDM14","chr8",70051651,70071693
"591","NCOA2","chr8",70109782,70403808
"592","MSC","chr8",71841560,71844412
"593","TERF1","chr8",73008856,73048123
"594","HNF4G","chr8",75407914,75566834
"595","ZFHX4","chr8",76681239,76867281
"596","HEY1","chr8",79762371,79767857
"597","ZBTB10","chr8",80485619,80526265
"598","ZNF704","chr8",80628451,80874781
"599","E2F5","chr8",85177154,85217158
"600","MTERF3","chr8",96239398,96261610
"601","OSR2","chr8",98944403,98952104
"602","ZNF706","chr8",101177878,101206193
"603","GRHL2","chr8",101492439,101669726
"604","KLF10","chr8",102648784,102655725
"605","ZFPM2","chr8",104590733,105804539
"606","TRPS1","chr8",115408496,115809673
"607","ZHX2","chr8",122781655,122974510
"608","ZHX1","chr8",123248451,123275541
"609","ZNF572","chr8",124973295,124979389
"610","POU5F1B","chr8",127322183,127420066
"611","MYC","chr8",127735434,127742951
"612","ZFAT","chr8",134477788,134713049
"613","JRK","chr8",142657460,142681968
"614","ZFP41","chr8",143246821,143262705
"615","GLI4","chr8",143267433,143276931
"616","ZNF696","chr8",143289676,143299952
"617","MAFA","chr8",143419182,143430732
"618","TIGD5","chr8",143597831,143603224
"619","ZNF623","chr8",143636019,143656418
"620","ZNF707","chr8",143684452,143713898
"621","SCX","chr8",144266453,144268481
"622","HSF1","chr8",144291591,144314720
"623","SCRT1","chr8",144330565,144336482
"624","FOXH1","chr8",144473412,144475849
"625","ZNF251","chr8",144720907,144756417
"626","ZNF34","chr8",144772224,144787348
"627","ZNF517","chr8",144798876,144811169
"628","ZNF7","chr8",144827518,144847509
"629","ZNF250","chr8",144876497,144902168
"630","ZNF16","chr8",144930358,144950888
"631","FOXD4","chr9",116231,118417
"632","DMRT1","chr9",841690,969090
"633","DMRT3","chr9",976655,991732
"634","DMRT2","chr9",1049858,1057552
"635","RFX3","chr9",3218297,3526004
"636","GLIS3","chr9",3824127,4348392
"637","NFIB","chr9",14081843,14398983
"638","BNC2","chr9",16409503,16870843
"639","DMRTA1","chr9",22446824,22455740
"640","TOPORS","chr9",32540544,32552586
"641","NFX1","chr9",33290512,33371157
"642","ARID3C","chr9",34621049,34629066
"643","CREB3","chr9",35732598,35736999
"644","PAX5","chr9",36833269,37034268
"645","ZBTB5","chr9",37438102,37465450
"646","FOXD4L6","chr9",41126435,41128681
"647","FOXD4L5","chr9",65282101,65285209
"648","FOXD4L4","chr9",65737146,65738396
"649","ZNF658","chr9",66856426,66932141
"650","FOXD4L3","chr9",68302867,68305084
"651","KLF9","chr9",70384604,70414657
"652","RORB","chr9",74497335,74693177
"653","FOXB2","chr9",77019655,77020953
"654","NFIL3","chr9",91408748,91424626
"655","ZNF484","chr9",92843171,92878038
"656","BARX1","chr9",93951627,93955355
"657","ZNF169","chr9",94259298,94303967
"658","ZNF367","chr9",96385941,96418370
"659","ZNF510","chr9",96754553,96778129
"660","ZNF782","chr9",96816269,96875623
"661","XPA","chr9",97674909,97697340
"662","FOXE1","chr9",97853226,97856717
"663","NR4A3","chr9",99821855,99866891
"664","MSANTD3","chr9",100427143,100451734
"665","ZNF189","chr9",101398851,101410660
"666","TAL2","chr9",105662457,105663124
"667","ZNF462","chr9",106863166,107013634
"668","KLF4","chr9",107484852,107490482
"669","ZNF483","chr9",111525159,111577844
"670","ZNF883","chr9",112988129,113012192
"671","ZFP37","chr9",113038377,113056759
"672","ZNF618","chr9",113876282,114056593
"673","AKNA","chr9",114334156,114394405
"674","PHF19","chr9",120855651,120894896
"675","LHX6","chr9",122202577,122229626
"676","ZBTB6","chr9",122908056,122913323
"677","ZBTB26","chr9",122915566,122931512
"678","LHX2","chr9",124001670,124033301
"679","NR5A1","chr9",124481236,124507420
"680","NR6A1","chr9",124517275,124771311
"681","PBX3","chr9",125747345,125967377
"682","LMX1B","chr9",126613928,126701032
"683","ZBTB43","chr9",126805006,126838210
"684","ZBTB34","chr9",126860639,126885878
"685","ZNF79","chr9",127424374,127445372
"686","NAIF1","chr9",128061233,128068206
"687","PRRX2","chr9",129665647,129722674
"688","PRDM12","chr9",130664594,130682986
"689","TTF1","chr9",132375548,132406851
"690","BARHL1","chr9",132582606,132590252
"691","GFI1B","chr9",132944000,132991687
"692","REXO4","chr9",133406059,133418096
"693","RXRA","chr9",134317098,134440585
"694","SOHLH1","chr9",135693407,135704498
"695","NACC2","chr9",136006537,136095289
"696","LHX3","chr9",136196250,136205128
"697","SNAPC4","chr9",136375567,136400176
"698","KLF6","chr10",3775996,3785281
"699","KIN","chr10",7750962,7787993
"700","GATA3","chr10",8045378,8075198
"701","PTF1A","chr10",23192312,23194245
"702","MKX","chr10",27672874,27746060
"703","ZNF438","chr10",30820207,31031937
"704","ZEB1","chr10",31318495,31529814
"705","CREM","chr10",35126791,35212958
"706","ZNF248","chr10",37776526,37858106
"707","ZNF25","chr10",37949573,37976647
"708","ZNF33A","chr10",38010650,38065088
"709","ZNF37A","chr10",38094334,38150293
"710","ZNF33B","chr10",42574185,42638570
"711","ZNF487","chr10",43436841,43483181
"712","ZNF239","chr10",43556344,43574618
"713","ZNF485","chr10",43606419,43617904
"714","ZNF32","chr10",43643860,43648881
"715","ZNF22","chr10",45000923,45005326
"716","ZNF488","chr10",47365496,47384293
"717","DRGX","chr10",49364066,49396089
"718","ARID5B","chr10",61901684,62096944
"719","ZNF365","chr10",62374192,62480288
"720","EGR2","chr10",62811996,62819167
"721","ATOH7","chr10",68230595,68232113
"722","TET1","chr10",68560337,68694487
"723","NEUROG3","chr10",69571698,69573422
"724","ZNF503","chr10",75397830,75401764
"725","HHEX","chr10",92689955,92695647
"726","ZNF518A","chr10",96129715,96205288
"727","LCOR","chr10",96832254,96995956
"728","NKX2-3","chr10",99532942,99536524
"729","PAX2","chr10",100735396,100829944
"730","TLX1","chr10",101131300,101137789
"731","LBX1","chr10",101226994,101229463
"732","PITX3","chr10",102230189,102241512
"733","NFKB2","chr10",102394110,102402524
"734","PCGF6","chr10",103302796,103351144
"735","MXI1","chr10",110207605,110287365
"736","TCF7L2","chr10",112950247,113167678
"737","VAX1","chr10",117128521,117138301
"738","EMX2","chr10",117542445,117549546
"739","IKZF5","chr10",122990807,123008812
"740","HMX3","chr10",123135970,123139423
"741","HMX2","chr10",123148136,123150672
"742","NKX1-2","chr10",124445243,124450035
"743","FOXI2","chr10",127737185,127741183
"744","EBF3","chr10",129835233,129973053
"745","NKX6-2","chr10",132783179,132786147
"746","VENTX","chr10",133237855,133241928
"747","ZNF511","chr10",133308914,133313162
"748","IRF7","chr11",612553,615983
"749","DEAF1","chr11",644233,707118
"750","ASCL2","chr11",2268498,2270588
"751","ZNF195","chr11",3339261,3379222
"752","ZNF215","chr11",6926404,7001004
"753","ZNF214","chr11",6997085,7020346
"754","ASCL3","chr11",8937578,8943016
"755","ZNF143","chr11",9460319,9528524
"756","ZBED5","chr11",10812074,10858796
"757","TEAD1","chr11",12674421,12944737
"758","SOX6","chr11",15966449,16739591
"759","MYOD1","chr11",17719571,17722136
"760","E2F8","chr11",19224063,19241620
"761","DBX1","chr11",20156155,20160475
"762","PRMT3","chr11",20387558,20509338
"763","PAX6","chr11",31784779,31817961
"764","WT1","chr11",32387775,32435564
"765","ELF5","chr11",34478791,34525193
"766","EHF","chr11",34621093,34663288
"767","RAG1","chr11",36510372,36593156
"768","ALX4","chr11",44260440,44310139
"769","PHF21A","chr11",45929319,46121454
"770","CREB3L1","chr11",46277662,46321409
"771","ZNF408","chr11",46701030,46705912
"772","NR1H3","chr11",47248300,47269033
"773","SPI1","chr11",47354860,47409369
"774","ZFP91","chr11",58579063,58621550
"775","MYRF","chr11",61752636,61788518
"776","ZBTB3","chr11",62748319,62754184
"777","ESRRA","chr11",64305497,64316743
"778","BATF2","chr11",64987945,64997018
"779","TIGD3","chr11",65354751,65357613
"780","RELA","chr11",65653599,65663090
"781","OVOL1","chr11",65787063,65797214
"782","FOSL1","chr11",65892049,65900573
"783","DRAP1","chr11",65919274,65921563
"784","NPAS4","chr11",66421035,66426707
"785","KDM2A","chr11",67119263,67258082
"786","TBX10","chr11",67631303,67639763
"787","PHOX2A","chr11",72239077,72245664
"788","THAP12","chr11",76349898,76381132
"789","CREBZF","chr11",85657742,85682908
"790","JRKL","chr11",96389989,96507574
"791","PGR","chr11",101029624,101129813
"792","MSANTD4","chr11",105995623,106022403
"793","POU2AF1","chr11",111352255,111455630
"794","ZBTB16","chr11",114059041,114256765
"795","KMT2A","chr11",118436456,118526832
"796","FOXR1","chr11",118971712,118981287
"797","HINFP","chr11",119121580,119136059
"798","POU2F3","chr11",120236640,120319945
"799","BSX","chr11",122977570,122981834
"800","ZNF202","chr11",123723914,123741675
"801","PKNOX2","chr11",125164687,125433389
"802","ETS1","chr11",128458761,128587558
"803","FLI1","chr11",128686535,128813267
"804","BARX2","chr11",129375848,129452279
"805","PRDM10","chr11",129899706,130002835
"806","ZBTB44","chr11",130226677,130314917
"807","THYN1","chr11",134248279,134253370
"808","FOXM1","chr12",2857680,2877174
"809","TEAD4","chr12",2959330,3040676
"810","ZNF384","chr12",6666477,6689572
"811","NANOGNB","chr12",7765216,7774121
"812","NANOG","chr12",7787794,7799146
"813","FOXJ2","chr12",8032716,8055517
"814","ZNF705A","chr12",8157015,8188537
"815","YBX3","chr12",10699089,10723323
"816","ETV6","chr12",11649674,11895377
"817","CREBL2","chr12",12611827,12645108
"818","AEBP2","chr12",19404045,19720801
"819","SOX5","chr12",23529504,24562544
"820","BHLHE41","chr12",26120030,26125037
"821","DBX2","chr12",45014672,45051099
"822","ARID2","chr12",45729706,45908040
"823","VDR","chr12",47841537,47943048
"824","ZNF641","chr12",48337180,48351414
"825","ATF1","chr12",50763710,50821162
"826","CSRNP2","chr12",51061205,51083664
"827","TFCP2","chr12",51093656,51173135
"828","POU6F1","chr12",51186936,51218062
"829","NR4A1","chr12",52022832,52059507
"830","ZNF740","chr12",53180704,53195142
"831","RARG","chr12",53210567,53232980
"832","SP7","chr12",53326575,53345315
"833","SP1","chr12",53380176,53416446
"834","ATF7","chr12",53507856,53626410
"835","HOXC13","chr12",53938831,53946544
"836","HOXC12","chr12",53954903,53958956
"837","HOXC11","chr12",53973126,53977643
"838","HOXC10","chr12",53985065,53990279
"839","HOXC6","chr12",53990624,54030823
"840","HOXC9","chr12",53994895,54003337
"841","HOXC8","chr12",54008985,54012769
"842","HOXC4","chr12",54016931,54056030
"843","HOXC5","chr12",54033050,54035361
"844","NFE2","chr12",54292111,54301015
"845","ZNF385A","chr12",54369133,54391298
"846","NEUROD4","chr12",55019974,55030017
"847","IKZF4","chr12",56007659,56038435
"848","PA2G4","chr12",56104537,56113910
"849","STAT2","chr12",56341597,56360203
"850","BAZ2A","chr12",56595596,56636816
"851","ZBTB39","chr12",56998836,57006546
"852","STAT6","chr12",57095408,57132139
"853","GLI1","chr12",57459785,57472268
"854","DDIT3","chr12",57516588,57521737
"855","MBD6","chr12",57520710,57530148
"856","HMGA2","chr12",65824460,65966291
"857","MYRFL","chr12",69825227,69959097
"858","THAP2","chr12",71664301,71680644
"859","E2F7","chr12",77021248,77065569
"860","MYF6","chr12",80707634,80709474
"861","MYF5","chr12",80716912,80719671
"862","ALX1","chr12",85280220,85301784
"863","EEA1","chr12",92770637,92929331
"864","NR2C1","chr12",95020229,95073628
"865","ELK3","chr12",96194375,96269824
"866","NR1H4","chr12",100473708,100564414
"867","SPIC","chr12",101475336,101486997
"868","ASCL1","chr12",102957674,102960513
"869","NFYB","chr12",104117086,104138241
"870","RFX4","chr12",106583004,106762803
"871","MTERF2","chr12",106973120,106987163
"872","PRDM4","chr12",107732871,107761272
"873","ASCL4","chr12",107774704,107776644
"874","FOXN4","chr12",109277978,109309284
"875","CUX2","chr12",111034165,111350554
"876","TRAFD1","chr12",112125538,112153604
"877","LHX5","chr12",113462033,113472280
"878","TBX5","chr12",114353911,114408442
"879","TBX3","chr12",114670255,114684175
"880","HNF1A","chr12",120978543,121002512
"881","KDM2B","chr12",121429096,121582279
"882","MLXIP","chr12",122078756,122147344
"883","ZNF664","chr12",123971845,124015439
"884","ZNF605","chr12",132918306,132956306
"885","ZNF26","chr12",132986365,133032952
"886","ZNF84","chr12",133037292,133063304
"887","ZNF140","chr12",133080474,133107526
"888","ZNF891","chr12",133104779,133130274
"889","ZNF10","chr12",133130575,133159465
"890","ZNF268","chr12",133181409,133214832
"891","ANHX","chr12",133218312,133235877
"892","GTF3A","chr13",27424619,27435823
"893","GSX1","chr13",27792483,27794768
"894","PDX1","chr13",27920000,27926313
"895","CDX2","chr13",27960918,27969315
"896","SOHLH2","chr13",36168217,36214588
"897","CCDC169-SOHLH2","chr13",36168794,36297842
"898","SMAD9","chr13",36844831,36920887
"899","FOXO1","chr13",40555667,40666641
"900","ELF1","chr13",40931919,41061440
"901","TSC22D1","chr13",44432143,44577147
"902","SETDB2","chr13",49444274,49495003
"903","DACH1","chr13",71437966,71867204
"904","KLF5","chr13",73054976,73077541
"905","KLF12","chr13",73686089,74134404
"906","POU4F1","chr13",78598362,78603552
"907","SOX21","chr13",94709622,94712545
"908","DZIP1","chr13",95578202,95644706
"909","MBNL2","chr13",97221434,97394120
"910","ZIC5","chr13",99962964,99971767
"911","ZIC2","chr13",99981784,99986765
"912","SOX1","chr13",112067149,112071706
"913","TFDP1","chr13",113584721,113641473
"914","CHAMP1","chr13",114314482,114337626
"915","ZNF219","chr14",21090077,21104722
"916","SALL2","chr14",21521080,21537216
"917","CEBPE","chr14",23117036,23120256
"918","HOMEZ","chr14",23272422,23299796
"919","ZFHX2","chr14",23520857,23556192
"920","NRL","chr14",24078662,24115010
"921","IRF9","chr14",24161234,24168043
"922","NFATC4","chr14",24365673,24379604
"923","FOXG1","chr14",28764329,28770277
"924","NPAS3","chr14",32934396,33820863
"925","INSM2","chr14",35534164,35537054
"926","NKX2-1","chr14",36516392,36521149
"927","NKX2-8","chr14",36580004,36582614
"928","PAX9","chr14",36657568,36679362
"929","FOXA1","chr14",37589552,37596059
"930","TBPL2","chr14",55414210,55456726
"931","OTX2","chr14",56799905,56816693
"932","SIX6","chr14",60509146,60512850
"933","SIX1","chr14",60643421,60658259
"934","SIX4","chr14",60709539,60724351
"935","HIF1A","chr14",61695513,61748259
"936","ESR2","chr14",64084232,64338112
"937","ZBTB25","chr14",64449106,64505213
"938","ZBTB1","chr14",64503712,64533690
"939","MAX","chr14",65006174,65102695
"940","DPF3","chr14",72609034,72894101
"941","ZNF410","chr14",73886617,73932521
"942","VSX2","chr14",74239449,74262738
"943","PROX2","chr14",74852871,74876154
"944","FOS","chr14",75278826,75283190
"945","JDP2","chr14",75427716,75474111
"946","BATF","chr14",75522455,75546993
"947","ESRRB","chr14",76310712,76501837
"948","FOXN3","chr14",89124871,89619149
"949","GSC","chr14",94768223,94770113
"950","BCL11B","chr14",99169287,99272197
"951","YY1","chr14",100238298,100282788
"952","ZBTB42","chr14",104800596,104804712
"953","KLF13","chr15",31326835,31435665
"954","ZNF770","chr15",34978341,34988287
"955","NANOGP8","chr15",35083410,35085295
"956","MEIS2","chr15",36889204,37101299
"957","MGA","chr15",41621134,41773081
"958","ZSCAN29","chr15",43358172,43371043
"959","ONECUT1","chr15",52755053,52791078
"960","RFX7","chr15",56087280,56245082
"961","ZNF280D","chr15",56630176,56734086
"962","TCF12","chr15",56918623,57299281
"963","FOXB1","chr15",60004234,60061730
"964","RORA","chr15",60488284,61229302
"965","ZNF609","chr15",64460578,64686068
"966","SNAPC5","chr15",66490135,66497780
"967","SMAD3","chr15",67063763,67195173
"968","SKOR1","chr15",67819704,67834582
"969","THAP10","chr15",70881342,70892433
"970","NR2E3","chr15",71792638,71818259
"971","ARID3B","chr15",74541206,74598131
"972","ISL2","chr15",76336773,76342475
"973","HMG20A","chr15",77420412,77485607
"974","ARNT2","chr15",80404350,80597933
"975","CPEB1","chr15",82543201,82648861
"976","BNC1","chr15",83255884,83284664
"977","ZSCAN2","chr15",84600986,84627796
"978","ZNF592","chr15",84748592,84806445
"979","MESP1","chr15",89749875,89751249
"980","MESP2","chr15",89760591,89778754
"981","ZNF710","chr15",90001324,90082206
"982","ZNF774","chr15",90352284,90369146
"983","NR2F2","chr15",96325938,96340263
"984","MEF2A","chr15",99565417,99716488
"985","SOX8","chr16",981444,986979
"986","ZNF598","chr16",1997654,2009821
"987","E4F1","chr16",2223580,2235742
"988","FLYWCH1","chr16",2911931,2951208
"989","ZSCAN10","chr16",3088890,3099295
"990","ZNF205","chr16",3112560,3120517
"991","ZNF213","chr16",3129777,3142804
"992","ZNF200","chr16",3222325,3236221
"993","ZNF263","chr16",3283283,3301401
"994","TIGD7","chr16",3298808,3305729
"995","ZNF75A","chr16",3305406,3318852
"996","ZSCAN32","chr16",3382081,3401065
"997","ZNF174","chr16",3401215,3409364
"998","ZNF597","chr16",3432414,3443504
"999","TFAP4","chr16",4257186,4273075
"1000","GLIS2","chr16",4314761,4339597
"1001","ZNF500","chr16",4748239,4767624
"1002","GLYR1","chr16",4803203,4847288
"1003","ZKSCAN2","chr16",25236001,25257845
"1004","MAZ","chr16",29806106,29811164
"1005","TBX6","chr16",30085793,30091924
"1006","ZNF48","chr16",30378106,30400108
"1007","ZNF771","chr16",30407414,30431108
"1008","ZNF768","chr16",30524004,30526821
"1009","ZNF747","chr16",30530367,30535347
"1010","ZNF764","chr16",30553764,30558374
"1011","ZNF688","chr16",30569672,30572734
"1012","ZNF785","chr16",30573740,30585769
"1013","ZNF689","chr16",30602558,30624012
"1014","SRCAP","chr16",30698209,30741409
"1015","ZNF629","chr16",30778456,30787205
"1016","FBXL19","chr16",30923055,30948783
"1017","ZNF668","chr16",31060843,31074240
"1018","ZNF646","chr16",31074422,31084196
"1019","ZNF843","chr16",31432593,31443160
"1020","ZNF267","chr16",31873807,31917357
"1021","ZNF423","chr16",49487524,49857919
"1022","SALL1","chr16",51135982,51152334
"1023","IRX3","chr16",54283304,54286787
"1024","IRX5","chr16",54930865,54934485
"1025","IRX6","chr16",55324203,55330756
"1026","ZNF319","chr16",57994676,58000672
"1027","TERB1","chr16",66754640,66801620
"1028","HSF4","chr16",67164681,67169945
"1029","E2F4","chr16",67192155,67198918
"1030","CTCF","chr16",67562467,67639177
"1031","CENPT","chr16",67828157,67847811
"1032","THAP11","chr16",67842320,67844195
"1033","NFATC3","chr16",68084751,68229259
"1034","ZFP90","chr16",68530090,68576072
"1035","TERF2","chr16",69355567,69408571
"1036","NFAT5","chr16",69565094,69704666
"1037","ZNF23","chr16",71447597,71463095
"1038","ZNF19","chr16",71464555,71565089
"1039","ZNF821","chr16",71859680,71895336
"1040","ZFHX3","chr16",72782885,73891871
"1041","ZFP1","chr16",75148494,75172236
"1042","MAF","chr16",79585843,79600737
"1043","ATMIN","chr16",81035842,81047350
"1044","IRF8","chr16",85899116,85922606
"1045","FOXF1","chr16",86510527,86515422
"1046","FOXC2","chr16",86566829,86569728
"1047","FOXL1","chr16",86576368,86583478
"1048","ZNF469","chr16",88382959,88440757
"1049","ZFPM1","chr16",88453280,88537031
"1050","SNAI3","chr16",88677688,88686507
"1051","ZNF778","chr16",89217703,89237141
"1052","ZNF276","chr16",89720400,89740925
"1053","BHLHA9","chr17",1270444,1271815
"1054","HIC1","chr17",2054154,2063241
"1055","SGSM2","chr17",2337498,2381058
"1056","MNT","chr17",2384073,2401104
"1057","CAMTA2","chr17",4967992,4987675
"1058","ZFP3","chr17",5078467,5096374
"1059","ZNF232","chr17",5105269,5123162
"1060","ZNF594","chr17",5179535,5191868
"1061","BCL6B","chr17",7023050,7030290
"1062","YBX2","chr17",7288263,7294639
"1063","ZBTB4","chr17",7459366,7484263
"1064","SOX15","chr17",7588178,7590094
"1065","TP53","chr17",7661779,7687546
"1066","HES7","chr17",8120592,8124106
"1067","ZNF18","chr17",11977439,11997475
"1068","ZNF286A","chr17",15699577,15720787
"1069","ZNF287","chr17",16546954,16569204
"1070","ZNF624","chr17",16620734,16653856
"1071","SREBF1","chr17",17810399,17837002
"1072","ZNF286B","chr17",18658429,18682228
"1073","ZNF286B","chr17",18661937,18681846
"1074","SEBOX","chr17",28363506,28365199
"1075","FOXN1","chr17",28506243,28538900
"1076","ZNF207","chr17",32350132,32381885
"1077","ZNF830","chr17",34961540,34963777
"1078","LHX1","chr17",36936785,36944612
"1079","HNF1B","chr17",37686431,37745059
"1080","PCGF2","chr17",38733898,38749817
"1081","NEUROD2","chr17",39603536,39609777
"1082","IKZF3","chr17",39757715,39864312
"1083","THRA","chr17",40058290,40093867
"1084","NR1D1","chr17",40092793,40100589
"1085","RARA","chr17",40309180,40357643
"1086","ZNF385C","chr17",42025576,42098479
"1087","STAT5B","chr17",42199176,42288633
"1088","STAT5A","chr17",42287547,42311943
"1089","STAT3","chr17",42313324,42388568
"1090","MLX","chr17",42567072,42573239
"1091","ETV4","chr17",43527844,43579620
"1092","MEOX1","chr17",43640389,43661922
"1093","TBX21","chr17",47733236,47746122
"1094","SP6","chr17",47844908,47855874
"1095","SP2","chr17",47896150,47928957
"1096","NFE2L1","chr17",48048329,48061545
"1097","HOXB1","chr17",48528526,48531011
"1098","HOXB2","chr17",48540894,48545109
"1099","HOXB3","chr17",48548870,48604912
"1100","HOXB4","chr17",48575507,48578350
"1101","HOXB5","chr17",48591257,48593779
"1102","HOXB6","chr17",48595751,48604992
"1103","HOXB7","chr17",48607232,48633572
"1104","HOXB8","chr17",48611377,48615292
"1105","HOXB9","chr17",48621156,48626358
"1106","HOXB13","chr17",48724763,48728750
"1107","ZNF652","chr17",49289206,49362473
"1108","KAT7","chr17",49788624,49835026
"1109","DLX4","chr17",49968588,49974959
"1110","DLX3","chr17",49990005,49995224
"1111","NME2","chr17",51165435,51171744
"1112","HLF","chr17",55264960,55325187
"1113","VEZF1","chr17",57971547,57988259
"1114","HSF5","chr17",58420167,58488408
"1115","TBX2","chr17",61399843,61409466
"1116","TBX4","chr17",61452404,61485110
"1117","BPTF","chr17",67825503,67984378
"1118","SOX9","chr17",72121020,72126416
"1119","FOXJ1","chr17",76136333,76141245
"1120","CBX2","chr17",79778148,79787983
"1121","MAFG","chr17",81918270,81927735
"1122","CENPX","chr17",82018702,82024107
"1123","FOXK2","chr17",82519713,82644662
"1124","ZNF750","chr17",82829434,82840022
"1125","TGIF1","chr18",3411608,3459978
"1126","ZBTB14","chr18",5289019,5297053
"1127","L3MBTL4","chr18",5954706,6415237
"1128","ZNF519","chr18",14057457,14132490
"1129","GATA6","chr18",22169589,22202528
"1130","ZNF521","chr18",25061924,25352190
"1131","ZNF397","chr18",35241030,35267133
"1132","ZSCAN30","chr18",35251058,35290245
"1133","ZNF24","chr18",35332227,35345482
"1134","ZNF396","chr18",35366694,35377337
"1135","SETBP1","chr18",44680173,45068510
"1136","SKOR2","chr18",47206169,47251660
"1137","ZBTB7C","chr18",48026672,48410752
"1138","MBD1","chr18",50266882,50281774
"1139","CXXC1","chr18",50282343,50287839
"1140","SMAD4","chr18",51028528,51085045
"1141","MBD2","chr18",54151606,54224669
"1142","TCF4","chr18",55222185,55664787
"1143","ONECUT2","chr18",57435374,57491298
"1144","ZNF532","chr18",58862600,58986480
"1145","RAX","chr18",59267035,59274086
"1146","ZNF407","chr18",74597870,75065671
"1147","TSHZ1","chr18",75210755,75289950
"1148","ZNF516","chr18",76357682,76495242
"1149","ZNF236","chr18",76822557,76972901
"1150","SALL3","chr18",78979818,79002677
"1151","NFATC1","chr18",79395856,79529325
"1152","ADNP2","chr18",80109262,80147523
"1153","ARID3A","chr19",925781,975939
"1154","MBD3","chr19",1573596,1592865
"1155","TCF3","chr19",1609291,1652615
"1156","ONECUT3","chr19",1753506,1780988
"1157","KLF16","chr19",1852399,1863579
"1158","DOT1L","chr19",2163933,2232578
"1159","ZNF554","chr19",2819868,2836735
"1160","ZNF555","chr19",2841437,2860471
"1161","ZNF556","chr19",2867335,2883445
"1162","ZNF57","chr19",2900928,2918473
"1163","ZNF77","chr19",2933218,2944971
"1164","NFIC","chr19",3314403,3469217
"1165","HMG20B","chr19",3572777,3579088
"1166","RAX2","chr19",3769089,3772228
"1167","ZBTB7A","chr19",4043303,4066899
"1168","CREB3L3","chr19",4153631,4173054
"1169","SAFB2","chr19",5586981,5624046
"1170","SAFB","chr19",5623035,5668478
"1171","RFX2","chr19",5993164,6199572
"1172","ZNF557","chr19",7069703,7087968
"1173","ZNF358","chr19",7515292,7521025
"1174","SNAPC2","chr19",7920338,7923250
"1175","ZNF414","chr19",8509678,8514167
"1176","ZNF558","chr19",8806170,8832314
"1177","ZNF317","chr19",9140397,9163424
"1178","ZNF699","chr19",9291140,9309838
"1179","ZNF559","chr19",9323772,9351162
"1180","ZNF177","chr19",9363013,9382617
"1181","ZNF266","chr19",9412429,9435573
"1182","ZNF560","chr19",9466355,9498616
"1183","ZNF426","chr19",9523223,9538645
"1184","ZNF121","chr19",9560329,9584504
"1185","ZNF561","chr19",9604680,9621236
"1186","ZNF562","chr19",9641807,9675100
"1187","ZNF846","chr19",9751993,9793180
"1188","PIN1","chr19",9835257,9849689
"1189","DNMT1","chr19",10133342,10231286
"1190","ZGLP1","chr19",10304803,10309880
"1191","ZNF653","chr19",11483427,11505839
"1192","ZNF627","chr19",11559374,11619161
"1193","ZNF823","chr19",11721265,11739009
"1194","ZNF441","chr19",11767000,11784078
"1195","ZNF491","chr19",11797667,11809622
"1196","ZNF440","chr19",11814273,11835216
"1197","ZNF439","chr19",11848726,11883750
"1198","ZNF69","chr19",11887782,11914329
"1199","ZNF700","chr19",11925068,11950773
"1200","ZNF763","chr19",11965037,11980617
"1201","ZNF433","chr19",12014715,12035741
"1202","ZNF878","chr19",12043805,12052961
"1203","ZNF844","chr19",12064731,12081565
"1204","ZNF20","chr19",12092843,12140355
"1205","ZNF625","chr19",12142090,12156734
"1206","ZNF136","chr19",12163064,12189871
"1207","ZNF44","chr19",12224686,12294883
"1208","ZNF563","chr19",12317477,12333720
"1209","ZNF442","chr19",12345944,12365905
"1210","ZNF799","chr19",12390016,12401271
"1211","ZNF443","chr19",12429706,12441021
"1212","ZNF709","chr19",12461184,12513854
"1213","ZNF564","chr19",12525373,12551542
"1214","ZNF490","chr19",12576100,12640098
"1215","ZNF791","chr19",12610918,12633840
"1216","JUNB","chr19",12791486,12793315
"1217","KLF1","chr19",12884422,12887201
"1218","NFIX","chr19",12995475,13098796
"1219","LYL1","chr19",13099033,13103161
"1220","CC2D1A","chr19",13906201,13930879
"1221","RFX1","chr19",13961530,14007039
"1222","ZNF333","chr19",14689801,14733746
"1223","AKAP8","chr19",15353385,15379815
"1224","AKAP8L","chr19",15380050,15419141
"1225","WIZ","chr19",15419978,15449956
"1226","KLF2","chr19",16324826,16328685
"1227","NR2F6","chr19",17231883,17245919
"1228","JUND","chr19",18279694,18281622
"1229","MEF2B","chr19",19145567,19192131
"1230","BORCS8-MEF2B","chr19",19145569,19192158
"1231","GATAD2A","chr19",19385826,19508932
"1232","PBX4","chr19",19561707,19618693
"1233","ZNF101","chr19",19668796,19683509
"1234","ZNF14","chr19",19710472,19733112
"1235","ZNF506","chr19",19761038,19821751
"1236","ZNF253","chr19",19865882,19894674
"1237","ZNF93","chr19",19900913,19963464
"1238","ZNF682","chr19",19997058,20039505
"1239","ZNF90","chr19",20077994,20127076
"1240","ZNF486","chr19",20167214,20200488
"1241","ZNF737","chr19",20535825,20565809
"1242","ZNF626","chr19",20619939,20661596
"1243","ZNF66","chr19",20776304,20809995
"1244","ZNF85","chr19",20923222,20950697
"1245","ZNF430","chr19",21020634,21060050
"1246","ZNF714","chr19",21082159,21125270
"1247","ZNF431","chr19",21142024,21196053
"1248","ZNF708","chr19",21284033,21329425
"1249","ZNF493","chr19",21397119,21427577
"1250","ZNF429","chr19",21496682,21556270
"1251","ZNF100","chr19",21722771,21767579
"1252","ZNF43","chr19",21804946,21852125
"1253","ZNF208","chr19",21932958,22010949
"1254","ZNF257","chr19",22052430,22091480
"1255","ZNF676","chr19",22179089,22215801
"1256","ZNF729","chr19",22286441,22317176
"1257","ZNF98","chr19",22391019,22532485
"1258","ZNF492","chr19",22634324,22667671
"1259","ZNF99","chr19",22752183,22784151
"1260","ZNF728","chr19",22974883,23003176
"1261","ZNF730","chr19",23075210,23147221
"1262","ZNF724","chr19",23221599,23250394
"1263","ZNF91","chr19",23304991,23395471
"1264","ZNF675","chr19",23525631,23687220
"1265","ZNF681","chr19",23739195,23758891
"1266","ZNF726","chr19",23914876,23945159
"1267","ZNF254","chr19",24033405,24129968
"1268","ZNF536","chr19",30224891,30713586
"1269","TSHZ3","chr19",31149979,31349436
"1270","ZNF507","chr19",32345594,32387667
"1271","CEBPA","chr19",33299934,33302534
"1272","CEBPG","chr19",33373685,33382686
"1273","ZNF302","chr19",34677639,34686397
"1274","ZNF181","chr19",34734155,34745378
"1275","ZNF599","chr19",34758073,34773229
"1276","ZNF30","chr19",34926903,34945170
"1277","ZNF792","chr19",34956354,34964229
"1278","USF2","chr19",35268962,35279821
"1279","ETV2","chr19",35641745,35644871
"1280","ZBTB32","chr19",35704558,35717038
"1281","KMT2B","chr19",35717973,35738880
"1282","THAP8","chr19",36034984,36054739
"1283","OVOL3","chr19",36111143,36113711
"1284","ZNF565","chr19",36182276,36246257
"1285","ZNF146","chr19",36214602,36238771
"1286","ZFP14","chr19",36334453,36379201
"1287","ZFP82","chr19",36383120,36418644
"1288","ZNF566","chr19",36445119,36489902
"1289","ZNF260","chr19",36510687,36528271
"1290","ZNF529","chr19",36534774,36605276
"1291","ZNF382","chr19",36604817,36634114
"1292","ZNF461","chr19",36636618,36666853
"1293","ZNF567","chr19",36687612,36727701
"1294","ZNF850","chr19",36714383,36772825
"1295","ZNF790","chr19",36817428,36850787
"1296","ZNF345","chr19",36850361,36913029
"1297","ZNF829","chr19",36888124,36916291
"1298","ZNF568","chr19",36916316,37005037
"1299","ZNF420","chr19",37007857,37130368
"1300","ZNF585A","chr19",37106734,37172741
"1301","ZNF585B","chr19",37181579,37218153
"1302","ZNF383","chr19",37217926,37248740
"1303","ZNF527","chr19",37371061,37393066
"1304","ZNF569","chr19",37411155,37469275
"1305","ZNF570","chr19",37467585,37488652
"1306","ZNF793","chr19",37506939,37548762
"1307","ZNF540","chr19",37551406,37614179
"1308","ZNF571","chr19",37554782,37594792
"1309","ZFP30","chr19",37613749,37692337
"1310","ZNF781","chr19",37667751,37692315
"1311","ZNF781","chr19",37668579,37676393
"1312","ZNF607","chr19",37696371,37719761
"1313","ZNF573","chr19",37735833,37817300
"1314","DPF1","chr19",38211006,38229714
"1315","LEUTX","chr19",39776595,39786291
"1316","ZNF546","chr19",39984134,40021038
"1317","ZNF780B","chr19",40028260,40056231
"1318","ZNF780A","chr19",40069152,40090943
"1319","DMRTC2","chr19",41844743,41852333
"1320","ZNF574","chr19",42068477,42081552
"1321","POU2F2","chr19",42086110,42196585
"1322","ZNF526","chr19",42220292,42228201
"1323","ERF","chr19",42247569,42255128
"1324","CIC","chr19",42268537,42295797
"1325","ZNF575","chr19",43525497,43536130
"1326","ZNF576","chr19",43596392,43601157
"1327","ZNF428","chr19",43607224,43619629
"1328","ZNF283","chr19",43827321,43852017
"1329","ZNF404","chr19",43872365,43901385
"1330","ZNF45","chr19",43912624,43935282
"1331","ZNF221","chr19",43951223,43967709
"1332","ZNF155","chr19",43967862,43998326
"1333","ZNF230","chr19",44002957,44013924
"1334","ZNF222","chr19",44025342,44033110
"1335","ZNF223","chr19",44051367,44067999
"1336","ZNF284","chr19",44072159,44089613
"1337","ZNF224","chr19",44094361,44109886
"1338","ZNF225","chr19",44112181,44134822
"1339","ZNF234","chr19",44141554,44160313
"1340","ZNF226","chr19",44165073,44178381
"1341","ZNF227","chr19",44207547,44237268
"1342","ZNF235","chr19",44228729,44305046
"1343","ZNF233","chr19",44259880,44275317
"1344","ZNF112","chr19",44326555,44367217
"1345","ZNF285","chr19",44382298,44401608
"1346","ZNF229","chr19",44417519,44448578
"1347","ZNF180","chr19",44474428,44500524
"1348","RELB","chr19",45001461,45038192
"1349","ZNF296","chr19",45071500,45076478
"1350","FOSB","chr19",45467995,45475179
"1351","SIX5","chr19",45764785,45769252
"1352","FOXA3","chr19",45863989,45873797
"1353","MYPOP","chr19",45890023,45902613
"1354","HIF3A","chr19",46297042,46343433
"1355","ARHGAP35","chr19",46860997,47005077
"1356","NPAS1","chr19",47019837,47045775
"1357","MEIS3","chr19",47403124,47419527
"1358","ZNF541","chr19",47520690,47573148
"1359","TPRX1","chr19",47801232,47819051
"1360","CRX","chr19",47819779,47843330
"1361","ZNF114","chr19",48270081,48287608
"1362","DBP","chr19",48630030,48637379
"1363","TEAD2","chr19",49340595,49362457
"1364","PRR12","chr19",49591182,49626439
"1365","IRF3","chr19",49659569,49665875
"1366","ATF5","chr19",49928702,49933935
"1367","ZNF473","chr19",50025714,50053414
"1368","NR1H2","chr19",50329653,50383388
"1369","SPIB","chr19",50418938,50431314
"1370","ZNF175","chr19",51571283,51592510
"1371","ZNF577","chr19",51804816,51890950
"1372","ZNF649","chr19",51889235,51905040
"1373","ZNF613","chr19",51927147,51948759
"1374","ZNF350","chr19",51964340,51986856
"1375","ZNF615","chr19",51991332,52008230
"1376","ZNF614","chr19",52012765,52030240
"1377","ZNF432","chr19",52031378,52095738
"1378","ZNF841","chr19",52064465,52095765
"1379","ZNF616","chr19",52113091,52139938
"1380","ZNF836","chr19",52153864,52171643
"1381","ZNF766","chr19",52269587,52296046
"1382","ZNF480","chr19",52297169,52325922
"1383","ZNF610","chr19",52336243,52367778
"1384","ZNF880","chr19",52369917,52385795
"1385","ZNF528","chr19",52397849,52418412
"1386","ZNF534","chr19",52429148,52452315
"1387","ZNF578","chr19",52453553,52516882
"1388","ZNF808","chr19",52527652,52564464
"1389","ZNF701","chr19",52555822,52587174
"1390","ZNF83","chr19",52612377,52638388
"1391","ZNF611","chr19",52702813,52735073
"1392","ZNF600","chr19",52749942,52786807
"1393","ZNF28","chr19",52797408,52857600
"1394","ZNF468","chr19",52838010,52857649
"1395","ZNF320","chr19",52860851,52897693
"1396","ZNF888","chr19",52904415,52923470
"1397","ZNF816","chr19",52949379,52962911
"1398","ZNF160","chr19",53066606,53103434
"1399","ZNF415","chr19",53107879,53133077
"1400","ZNF347","chr19",53124072,53159075
"1401","ZNF665","chr19",53159213,53193386
"1402","ZNF677","chr19",53235381,53254898
"1403","ZNF845","chr19",53333749,53356906
"1404","ZNF525","chr19",53365693,53392217
"1405","ZNF765","chr19",53389793,53430413
"1406","ZNF761","chr19",53431984,53461862
"1407","ZNF813","chr19",53467733,53496255
"1408","ZNF331","chr19",53519527,53580269
"1409","DPRX","chr19",53600777,53637014
"1410","ZNF628","chr19",55476617,55484487
"1411","ZNF579","chr19",55576774,55580848
"1412","FIZ1","chr19",55591376,55601970
"1413","ZNF524","chr19",55600022,55603138
"1414","ZNF865","chr19",55605647,55617269
"1415","ZNF784","chr19",55620741,55624566
"1416","ZNF580","chr19",55635016,55643470
"1417","ZNF581","chr19",55635459,55645623
"1418","ZNF787","chr19",56087366,56121295
"1419","ZNF444","chr19",56132599,56160893
"1420","ZSCAN5B","chr19",56189686,56197815
"1421","ZSCAN5C","chr19",56202273,56209461
"1422","ZSCAN5A","chr19",56219670,56368383
"1423","ZNF582","chr19",56375846,56393538
"1424","ZNF583","chr19",56397966,56436035
"1425","ZNF667","chr19",56439325,56478065
"1426","ZNF471","chr19",56507850,56530221
"1427","ZFP28","chr19",56538948,56556808
"1428","ZNF470","chr19",56567468,56588911
"1429","ZNF71","chr19",56595265,56626481
"1430","ZNF835","chr19",56661980,56671783
"1431","ZIM2","chr19",56774547,56840731
"1432","PEG3","chr19",56810077,56840728
"1433","ZIM3","chr19",57134096,57145202
"1434","DUXA","chr19",57154021,57167485
"1435","ZNF264","chr19",57191500,57222846
"1436","ZNF805","chr19",57240632,57262728
"1437","ZNF460","chr19",57280051,57294069
"1438","ZNF543","chr19",57320472,57330770
"1439","ZNF304","chr19",57351271,57359898
"1440","ZNF547","chr19",57363477,57379565
"1441","ZNF548","chr19",57389850,57403498
"1442","ZNF17","chr19",57411161,57421934
"1443","ZNF749","chr19",57435325,57447101
"1444","ZNF772","chr19",57466663,57477570
"1445","ZNF419","chr19",57487711,57496098
"1446","ZNF773","chr19",57499915,57518404
"1447","ZNF549","chr19",57527325,57557542
"1448","ZNF550","chr19",57535257,57559863
"1449","ZNF416","chr19",57571566,57578911
"1450","ZIK1","chr19",57578456,57593890
"1451","ZNF530","chr19",57599885,57612722
"1452","ZNF134","chr19",57614233,57624724
"1453","ZNF211","chr19",57630395,57644041
"1454","ZSCAN4","chr19",57668935,57679152
"1455","ZNF551","chr19",57681969,57717301
"1456","ZNF154","chr19",57696275,57709204
"1457","ZNF671","chr19",57719751,57727624
"1458","ZNF776","chr19",57746815,57758148
"1459","ZNF586","chr19",57769655,57819939
"1460","ZNF552","chr19",57803841,57814913
"1461","ZNF587B","chr19",57819721,57846238
"1462","ZNF814","chr19",57848731,57889074
"1463","ZNF587","chr19",57849859,57865117
"1464","ZNF417","chr19",57900296,57916610
"1465","ZNF418","chr19",57921882,57935402
"1466","ZNF256","chr19",57940833,57947706
"1467","ZNF606","chr19",57977076,58003349
"1468","ZSCAN1","chr19",58034025,58054631
"1469","ZNF135","chr19",58059239,58086310
"1470","ZSCAN18","chr19",58083838,58118427
"1471","ZNF329","chr19",58126248,58155110
"1472","ZNF274","chr19",58183029,58213562
"1473","ZNF544","chr19",58228594,58277495
"1474","ZNF8","chr19",58278955,58302791
"1475","ZSCAN22","chr19",58326994,58342343
"1476","ZNF497","chr19",58354357,58362848
"1477","ZNF837","chr19",58367618,58381030
"1478","ZNF584","chr19",58401504,58431736
"1479","ZNF132","chr19",58432814,58440153
"1480","ZNF324B","chr19",58451611,58457833
"1481","ZNF324","chr19",58467056,58475436
"1482","ZNF446","chr19",58474017,58481230
"1483","ZBTB45","chr19",58513530,58538911
"1484","MZF1","chr19",58561931,58573575
"1485","SOX12","chr20",325552,330224
"1486","RBCK1","chr20",407498,432139
"1487","TCF15","chr20",604257,610309
"1488","SCRT2","chr20",661596,675802
"1489","ZNF343","chr20",2481817,2524702
"1490","EBF4","chr20",2692780,2760108
"1491","CENPB","chr20",3783851,3786740
"1492","OVOL2","chr20",17956979,18059188
"1493","ZNF133","chr20",18288283,18316996
"1494","INSM1","chr20",20368104,20370949
"1495","NKX2-4","chr20",21395365,21397526
"1496","NKX2-2","chr20",21511017,21514064
"1497","PAX1","chr20",21705659,21718481
"1498","FOXA2","chr20",22580998,22585455
"1499","GZF1","chr20",23362182,23373062
"1500","VSX1","chr20",25070885,25082141
"1501","ZNF337","chr20",25673195,25696853
"1502","FOXS1","chr20",31844303,31845604
"1503","PLAGL2","chr20",32192504,32207743
"1504","E2F1","chr20",33675477,33686385
"1505","ZNF341","chr20",33731657,33792269
"1506","PHF20","chr20",35771974,35950370
"1507","TGIF2","chr20",36573488,36593950
"1508","MAFB","chr20",40685848,40689236
"1509","ZHX3","chr20",41178448,41317731
"1510","L3MBTL1","chr20",43489442,43550954
"1511","MYBL2","chr20",43667019,43716495
"1512","HNF4A","chr20",44355699,44432845
"1513","RBPJL","chr20",45306840,45317824
"1514","DNTTIP1","chr20",45791954,45811427
"1515","ZNF335","chr20",45948660,45972203
"1516","ZNF334","chr20",46499630,46513559
"1517","NCOA3","chr20",47501887,47656877
"1518","SNAI1","chr20",49982980,49988886
"1519","CEBPB","chr20",50190734,50192690
"1520","ADNP","chr20",50888916,50931437
"1521","NFATC2","chr20",51386957,51562831
"1522","SALL4","chr20",51782331,51802521
"1523","ZFP64","chr20",52051663,52204308
"1524","TSHZ2","chr20",52972358,53495330
"1525","ZNF217","chr20",53567071,53609907
"1526","TFAP2C","chr20",56629306,56639283
"1527","CTCFL","chr20",57495966,57525652
"1528","ZNF831","chr20",59123381,59259113
"1529","GATA5","chr20",62463497,62475995
"1530","TCFL5","chr20",62841005,62861822
"1531","BHLHE23","chr20",63005927,63007035
"1532","GMEB2","chr20",63587602,63627101
"1533","ZGPAT","chr20",63707465,63736142
"1534","SLC2A4RG","chr20",63739776,63744050
"1535","ZBTB46","chr20",63743668,63832038
"1536","ZNF512B","chr20",63956704,63969930
"1537","SOX18","chr20",64047582,64049639
"1538","MYT1","chr20",64102394,64242253
"1539","GABPA","chr21",25734570,25772460
"1540","BACH1","chr21",29194071,29630751
"1541","OLIG2","chr21",33025935,33029196
"1542","OLIG1","chr21",33070141,33072413
"1543","SON","chr21",33543038,33577481
"1544","RUNX1","chr21",34787801,36004667
"1545","SIM2","chr21",36699115,36749917
"1546","ERG","chr21",38380027,38661780
"1547","ETS2","chr21",38805183,38824955
"1548","PRDM15","chr21",41798225,41879482
"1549","ZBTB21","chr21",41986831,42010387
"1550","PKNOX1","chr21",42974510,43033931
"1551","AIRE","chr21",44285838,44298648
"1552","GSC2","chr22",19146993,19150292
"1553","TBX1","chr22",19756703,19783593
"1554","ZNF74","chr22",20394115,20408461
"1555","THAP7","chr22",20999104,21002196
"1556","HIC2","chr22",21417371,21451463
"1557","ZNF280B","chr22",22484421,22508742
"1558","ZNF280A","chr22",22513736,22520270
"1559","ZNF70","chr22",23738682,23751112
"1560","XBP1","chr22",28794555,28800597
"1561","PATZ1","chr22",31325804,31346346
"1562","ISX","chr22",35066136,35087387
"1563","SOX10","chr22",37970686,37987422
"1564","MAFF","chr22",38200767,38216507
"1565","ATF4","chr22",39519695,39522686
"1566","TEF","chr22",41367333,41399326
"1567","SREBF2","chr22",41833105,41907306
"1568","TCF20","chr22",42160013,42343616
"1569","PPARA","chr22",46150521,46243755
"1570","ZBED4","chr22",49853844,49897383
"1571","SHOX","chrX",624344,659411
"1572","ZBED1","chrX",2486414,2500976
"1573","YY2","chrX",21855987,21858740
"1574","ZFX","chrX",24149173,24216255
"1575","ARX","chrX",25003694,25016420
"1576","NR0B1","chrX",30304206,30309390
"1577","ZNF674","chrX",46497725,46545457
"1578","ZNF157","chrX",47370578,47414498
"1579","ZNF41","chrX",47445178,47483222
"1580","ELK1","chrX",47635520,47650604
"1581","ZNF81","chrX",47836902,48002561
"1582","ZNF182","chrX",47974851,48003989
"1583","ZNF630","chrX",47983356,48071658
"1584","GATA1","chrX",48786540,48794311
"1585","TFE3","chrX",49028726,49043410
"1586","FOXP3","chrX",49250438,49264800
"1587","FOXR2","chrX",55623400,55626192
"1588","KLF8","chrX",56232356,56291531
"1589","ZXDB","chrX",57592011,57597477
"1590","ZXDA","chrX",57905430,57910458
"1591","AR","chrX",67544021,67730619
"1592","FOXO4","chrX",71095851,71103535
"1593","CDX4","chrX",73447053,73455171
"1594","TBX22","chrX",80014753,80031774
"1595","POU3F4","chrX",83508290,83512127
"1596","HDX","chrX",84317874,84502479
"1597","ZNF711","chrX",85243991,85273362
"1598","DACH2","chrX",86148451,86832604
"1599","CPXCR1","chrX",88747225,88754785
"1600","TGIF2LX","chrX",89921908,89922883
"1601","ZMAT1","chrX",101882288,101932031
"1602","ESX1","chrX",104250038,104254933
"1603","NKRF","chrX",119588337,119606443
"1604","RHOXF2B","chrX",120072264,120077690
"1605","RHOXF1","chrX",120109051,120245267
"1606","RHOXF2","chrX",120158613,120165630
"1607","ZBTB33","chrX",120250752,120258398
"1608","ELF4","chrX",130063955,130110716
"1609","ZNF280C","chrX",130202707,130268899
"1610","TFDP3","chrX",133216662,133218354
"1611","ZNF75D","chrX",135248590,135344109
"1612","ZNF449","chrX",135344796,135363413
"1613","ZIC3","chrX",137566127,137577691
"1614","SOX3","chrX",140502985,140505069
"1615","HSFX2","chrX",149592512,149595314
"1616","HSFX1","chrX",149774068,149776867
"1617","ZNF275","chrX",153334147,153360110
"1618","ZFP92","chrX",153411472,153426481
"1619","MECP2","chrX",154021573,154137103
"1620","SHOX","chrY",624344,659411
"1621","ZBED1","chrY",2486414,2500976
"1622","SRY","chrY",2786855,2787682
"1623","ZFY","chrY",2935281,2982506
"1624","TGIF2LY","chrY",3579067,3580041
"1625","HSFY1","chrY",18546691,18588963
"1626","HSFY2","chrY",18731440,18773735
