,cluster 0,z-score 0,cluster 1,z-score 1,cluster 2,z-score 2,cluster 3,z-score 3,cluster 4,z-score 4,cluster 5,z-score 5,cluster 6,z-score 6,cluster 7,z-score 7
0,value_TAF1,8.663543534467284,value_CDYL,0.578228526684543,value_BRD3,0.08672972620985221,value_GFP,0.39317682954139466,value_GTF3C5,3.5044842267055016,value_RAD21,3.5287035157101547,value_H4K12ac,0.43796681751133765,value_KAT2A,0.1675039955186019
1,value_NEUROD1,6.963115194781726,value_PSIP1,0.5681781115063004,value_ZNF92,0.04109083945617369,value_BMI1,0.12939537201661938,value_ATF3,2.413516823640769,value_SMC1A,2.816426396987962,value_CTCFL,0.1421460615110788,value_ASCL1,0.1493291024704803
2,value_RNA_polymerase_II,6.777812832803663,value_H3K27me2,0.3170902814247449,value_SATB1,0.028467094781017322,value_H3K9me1,0.04688312411677742,value_GTF3C2,1.5519259027549426,value_STAG2,2.4095901872791496,value_CTCF,0.12005964369942046,value_H3K9me1,0.14874773475471034
3,value_H3K9ac,6.286687324304964,value_SOX3,0.23910618830592337,value_CHAT,0.023597172805098186,value_MCM3,0.03240145252982784,value_TEAD4,1.3720036526511177,value_STAG1,2.0494269235056533,value_POU3F2,0.11594405766660636,value_ATRX,0.1202526530749397
4,value_SMARCC2,6.005066214145417,value_H3K36me2,0.12197717688639956,value_MECP2,0.011535418289158049,value_HDAC1,0.031690994353019405,value_DYRK1A,1.3557398405172505,value_SMC3,1.9272345372677149,value_TBX2,0.05403112856599524,value_MCM3,0.0936731565963911
5,value_H3K4me3,5.915565103808321,value_REST,0.11788980408044031,value_SOX2,0.007440383641715326,value_H3K4me,0.02637279679596657,value_RBPJ,1.3294518871999033,value_PDS5A,1.620930144443277,value_ATRX,0.031315831838241985,value_H3K4me,0.08452411728669386
6,value_H3K9K14ac,5.7888924095423295,value_H3R8me2,0.11405712370725542,value_TEAD1,0.0072070324769976865,value_SOX2,0.011185254811686376,value_ACSS2,0.954376618208981,value_CTCF,1.2006810185722672,value_AFF1,0.02056590977606666,value_HAND2,0.07814009661234532
7,value_BRD2,5.665996183369684,value_ISL1,0.0950247713870983,value_SMCHD1,0.0026697932688019115,value_H2AK119ub,0.010731193605655047,value_FOSL2,0.7003867480724085,value_H4K12ac,0.9554056928237284,value_PARK7,0.0,value_H2AK119ub,0.0739929613316786
8,value_H2A.Z,5.512002427336801,value_HDGF2,0.09273586212243173,value_RB1,0.0,value_H3K9me2,0.009696560422148894,value_NRF1,0.4161655608080837,value_CTCFL,0.4665211031768208,value_MAML3,0.0,value_H3K27M,0.07354249665654128
9,value_CHD8,5.4331390315109775,value_SMARCA4,0.08945083504223562,value_CDK9,0.0,value_H3K27M,0.005175055397625923,value_KAT2A,0.4010177404333899,value_AFF1,0.3537109421352407,value_MYB,0.0,value_H3K27me1,0.06580235895174912
10,value_H3K27ac,5.396778743075447,value_MECP2,0.08224898686566445,value_MYB,0.0,value_H3K18la,0.003609061073910073,value_STAG2,0.3435596639937989,value_WAPL,0.33973957101937835,value_H4R3me2,0.0,value_H4K20me3,0.04910971331655473
11,value_H4K16ac,5.111200599539576,value_CHD4,0.06687782997573904,value_PARK7,0.0,value_H3K27me1,0.003213174242092539,value_H3K36me3,0.24974219659333027,value_TOP2B,0.16289905315637435,value_CDK9,0.0,value_TWIST1,0.04282195272242955
12,value_H4K5ac,5.0441780575283985,value_CSDC2,0.05867572112426117,value_LMO1,0.0,value_macroH2A1,0.002210908263718472,value_AFF4,0.19051327733698112,value_SMARCA4,0.15952982447585734,value_RB1,0.0,value_FOXC1,0.0410902989159435
13,value_H3K4me1,5.033085913789173,value_JMJD6,0.05667975827831715,value_H4R3me2,0.0,value_ATF4,0.002057309575083972,value_E2F1,0.13157024200385498,value_HIF1A,0.04925827868931395,value_LRIF1,0.0,value_MECP2,0.04055559526060703
14,value_H4K8ac,4.939586013531561,value_SNAI2,0.053890862432463875,value_H3K36me1,0.0,value_ETS1,0.0011136253540694066,value_RBBP4,0.12806522902419307,value_POU3F2,0.0445755537600374,value_LMO1,0.0,value_H3K36me2,0.03535254378248633
15,value_WDR5,4.861731468690216,value_H3K27me1,0.04866879031007197,value_FOXP1,0.0,value_H3K36me1,0.0,value_H3K79suc,0.11307029731357619,value_AFF4,0.042433942163090925,value_STAG3,0.0,value_MEIS1,0.028145458442088902
16,value_H4K5K8ac,4.457020376055664,value_OSR1,0.03230668098569407,value_EZH1,0.0,value_EZH1,0.0,value_H3K27me3,0.1048233068826732,value_RNF2,0.036025959258961085,value_ZNF117,0.0,value_H3.3,0.02600075912552095
17,value_INTS13,4.027293898226389,value_macroH2A1,0.01164947885707638,value_LRIF1,0.0,value_CDK9,0.0,value_HOXC9,0.09278653457979034,value_H3R8me2,0.029238393502193257,value_EZH1,0.0,value_BRD3,0.01924627995610869
18,value_H3K122ac,3.9091870705491023,value_H3S10ph,0.009479325875680603,value_MAML3,0.0,value_ERG,0.0,value_MEIS1,0.08407964996268671,value_ZNF70,0.02500463876333188,value_H3K36me1,0.0,value_H4K20me1,0.016561839784743383
19,value_YY1,3.7081272275296997,value_BRD3,0.008536185170112594,value_ERG,0.0,value_H4R3me2,0.0,value_BRD4,0.08407096818049296,value_MCM3,0.019355604770749647,value_ERG,0.0,value_macroH2A1,0.015491812239214444
20,value_ZBTB33,3.698789979447129,value_TSHZ2,0.006837978938867031,value_ZNF117,0.0,value_LMO1,0.0,value_RNA-DNA_hybrids,0.0807629684377838,value_ZNF92,0.016841602713697574,value_TEAD1,-2.2328875079442513e-05,value_SOX2,0.013755081064429343
21,value_ELF1,3.6267401196390257,value_ATRX,0.004723608988404413,value_STAG3,0.0,value_LRIF1,0.0,value_GATA3,0.05955935959209696,value_SUZ12,0.016655049190595482,value_CHD4,-0.00023740039344353616,value_SOX3,0.012845601502109158
22,value_GABPA,3.6070401134312244,value_TOP1,0.0020216792676252047,value_ALKBH1,-0.0022676125046062843,value_MAML3,0.0,value_JUN,0.043198044913524844,value_NANOG,0.01333465742176862,value_RNF2,-0.005801262064406854,value_PHOX2B,0.012567659382735992
23,value_MAX,3.566734345508639,value_ZFP3,0.0010681943810078901,value_ZMYND8,-0.0032965124076160105,value_MYB,0.0,value_GATA2,0.042570533526420956,value_MAU2,0.012685369486352053,value_SMARCA2,-0.008103344575876375,value_H3K9me2,0.010125698078316633
24,value_EP300,3.4703816207320735,value_MCM3,0.0008488467916125246,value_H3K27me2,-0.007501266351413959,value_PARK7,0.0,value_KLF4,0.03813456600113815,value_TWIST1,0.005936559338357928,value_LHX2,-0.008103344575876375,value_ALKBH1,0.0037302443141493703
25,value_ARID1B,3.164666444907113,value_ALKBH1,0.0005502708806254762,value_FOXP2,-0.007668588284682899,value_RB1,0.0,value_ARID2,0.03627377096502862,value_FOXP2,0.00513420296223699,value_MGMT,-0.008103344575876376,value_ISL1,0.00307384021877066
26,value_CPSF3L,3.1316015174801364,value_LMO1,0.0,value_SMARCC1,-0.008046753495409823,value_STAG3,0.0,value_RFX5,0.03598002192706499,value_ZFP3,0.001906746095619531,value_KDM4C,-0.008103344575876376,value_H3,0.00249435628323415
27,value_MYC,3.0392961806805183,value_H3K36me1,0.0,value_SVIL,-0.008439194189944911,value_ZNF117,0.0,value_RXRA,0.030647079429999453,value_H3K27me1,0.00019730698668429138,value_TP53,-0.008103344575876376,value_PSIP1,0.0015997503272569668
28,value_MYCN,3.0332775793399698,value_H4R3me2,0.0,value_Biotin,-0.008439194189944915,value_DNAJC2,0.0,value_CREBBP,0.0301410155405793,value_ERG,0.0,value_CENPA,-0.008103344575876376,value_HOXC9,0.00030044764151882446
29,value_CHD2,3.0328929132903903,value_LRIF1,0.0,value_CENPA,-0.008439194189944916,value_H4K20me3,-0.00034616083977984086,value_PHOX2B,0.025876676191953104,value_STAG3,0.0,value_Biotin,-0.008103344575876378,value_Biotin,0.0
30,value_MXI1,3.0015369597471935,value_MAML3,0.0,value_MGMT,-0.008439194189944916,value_ZNF593,-0.002183923277228333,value_INTS10,0.019657206596318907,value_LRIF1,0.0,value_POU5F1,-0.008103344575876378,value_H4R3me2,0.0
31,value_DNase-Seq,2.736641931012567,value_EZH1,0.0,value_TP53,-0.008439194189944918,value_CNBP,-0.002608382606899571,value_VSX2,0.018199022515102033,value_MYB,0.0,value_FOXP1,-0.008103344575876378,value_H3K36me1,0.0
32,value_ZFX,2.2891076584147028,value_MYB,0.0,value_KDM4C,-0.008439194189944918,value_THRA,-0.002629085077063275,value_RNF2,0.01669175599883726,value_LMO1,0.0,value_DNAJC2,-0.00810334457587638,value_ERG,0.0
33,value_FANCD2,2.281493881876979,value_MGMT,0.0,value_LHX2,-0.008439194189944918,value_ACSS2,-0.003370621929520912,value_SMARCC1,0.012753603954974088,value_EZH1,0.0,value_NPAT,-0.00810334457587638,value_EZH1,0.0
34,value_H3K4me2,2.2770282891267413,value_ERG,0.0,value_SMARCA2,-0.008439194189944918,value_SMCHD1,-0.005075638399042289,value_EBF3,0.011196276431260551,value_H3K36me1,0.0,value_SVIL,-0.00810334457587638,value_ZNF117,0.0
35,value_RARB,2.2022020159388465,value_POU5F1,0.0,value_NPAT,-0.008439194189944918,value_H4K20me1,-0.006713641310149205,value_TBX2,0.010468638942921578,value_RB1,0.0,value_TOP2A,-0.00810334457587638,value_STAG3,0.0
36,value_PBX3,2.162637588073842,value_RB1,0.0,value_DNAJC2,-0.008439194189944918,value_TOP1,-0.006824860119920263,value_PITX3,0.010066720887124502,value_H4R3me2,0.0,value_SMARCC2,-0.008134693854475917,value_LHX2,0.0
37,value_H3K14ac,2.1041377810500994,value_STAG3,0.0,value_POU5F1,-0.008439194189944918,value_H3S10ph,-0.007394658276984589,value_OTX2,0.008496677910404486,value_PARK7,0.0,value_WWTR1,-0.008821011060367456,value_RB1,0.0
38,value_H3K79me2,2.069377575826465,value_TP53,0.0,value_TOP2A,-0.008439194189944918,value_ALKBH1,-0.007849911626116505,value_HDAC2,0.006770905298034686,value_ZNF117,0.0,value_CNBP,-0.008889606465069708,value_CDK9,0.0
39,value_ZNF711,2.014141926731365,value_ZNF117,0.0,value_SMARCC2,-0.008471842946966299,value_SMARCC2,-0.00820407361020448,value_IRF3,0.0031684471871586094,value_MAML3,0.0,value_SOX3,-0.009123987329530223,value_LRIF1,0.0
40,value_Crotonyllysine,2.0099568286471015,value_CENPA,0.0,value_WWTR1,-0.00918660965747459,value_FOXP1,-0.008423311595321146,value_WWTR1,0.0014642194517047282,value_CDK9,0.0,value_ACSS2,-0.009208565813309645,value_MAML3,0.0
41,value_PHF8,1.9228982284299803,value_PARK7,0.0,value_CNBP,-0.009258048566219491,value_TP53,-0.008423311595321148,value_RB1,0.0,value_CASZ1,-0.0008953217181399795,value_INSR,-0.009512903769984626,value_PARK7,0.0
42,value_BRCA1,1.8658167162145518,value_CDK9,0.0,value_SOX3,-0.009502145368608581,value_Biotin,-0.008423311595321148,value_EZH1,0.0,value_TOP1,-0.0029365396367033916,value_THRA,-0.009690828147515524,value_MYB,0.0
43,value_NRF1,1.8205051190638877,value_PPARA,-0.0004488245405442481,value_ACSS2,-0.00959022997001998,value_NPAT,-0.008423311595321148,value_ERG,0.0,value_VSX2,-0.003013238069000595,value_SMARCC1,-0.009847433881668827,value_LMO1,0.0
44,value_BRD4,1.8119866280210208,value_H3K9me2,-0.0010208744639077835,value_INSR,-0.009907184101744704,value_TOP2A,-0.00842331159532115,value_CDK9,0.0,value_RXRA,-0.0037022182474013812,value_DCP1A,-0.009927154332787215,value_SMARCA2,0.0
45,value_Epitope_tags,1.7019120843270859,value_H3K18la,-0.0018462554415409128,value_THRA,-0.010092484351166926,value_MGMT,-0.00842331159532115,value_LMO1,0.0,value_TFAP2B,-0.005047209405880332,value_MITF,-0.010838853133704111,value_H3K18la,-0.0017359052055468185
46,value_CREB1,1.6679771888896253,value_H3K79suc,-0.0034753982111990424,value_DCP1A,-0.010338607586431759,value_KDM4C,-0.00842331159532115,value_LRIF1,0.0,value_TSHZ2,-0.006224729553568823,value_JMJD6,-0.010917633179920994,value_SMCHD1,-0.002757009163890885
47,value_ASCL1,1.6250593279019014,value_DCP1A,-0.004169022892376393,value_MITF,-0.011288102836425227,value_SVIL,-0.00842331159532115,value_ZNF117,0.0,value_SVIL,-0.008116947290168373,value_CSNK2A1,-0.011215507340261676,value_CSNK2A1,-0.0038471781099859606
48,value_CHD7,1.5980636456553416,value_H4K20me1,-0.004493329314329124,value_JMJD6,-0.011370148989060719,value_CENPA,-0.00842331159532115,value_PARK7,0.0,value_KDM4C,-0.008116947290168373,value_H3R8me2,-0.011388200965849247,value_TBX2,-0.006485445047858545
49,value_CREB5,1.5910961630498428,value_H3K27M,-0.004798801453829185,value_H4K20me1,-0.011462813266677458,value_POU5F1,-0.008423311595321151,value_SVIL,0.0,value_POU5F1,-0.008116947290168375,value_H3K9me1,-0.011459512634626148,value_DNAJC2,-0.00806241899829103
50,value_CIC,1.5678321097703447,value_H4K20me3,-0.005001613892102247,value_CSNK2A1,-0.011680372742896702,value_SMARCA2,-0.008423311595321151,value_MAML3,0.0,value_DNAJC2,-0.008116947290168375,value_KLF4,-0.011494045943840648,value_NPAT,-0.00806241899829103
51,value_BMI1,1.535840161348483,value_NOTCH1,-0.005834837516559345,value_H4K20me3,-0.011855765723834307,value_LHX2,-0.008423311595321151,value_H4R3me2,0.0,value_NPAT,-0.008116947290168375,value_CEBPD,-0.011527182002349343,value_KDM4C,-0.00806241899829103
52,value_ZEB1,1.5332383364032776,value_ZNF565,-0.006293904457269055,value_H3R8me2,-0.011860226210147753,value_WWTR1,-0.009169320197075293,value_MYB,0.0,value_SMARCA2,-0.008116947290168375,value_CHAT,-0.011616822420787027,value_FOXP1,-0.008062418998291031
53,value_TOX2,1.493512179277845,value_THRA,-0.00674083221547533,value_H3K9me1,-0.01193449447193696,value_DCP1A,-0.009254497973207269,value_NPAT,0.0,value_FOXP1,-0.008116947290168375,value_SATB1,-0.0119428794324455,value_TP53,-0.008062418998291031
54,value_FLI1,1.4393948589548782,value_GFP,-0.00786649892919963,value_KLF4,-0.01197045954311734,value_SOX3,-0.009484261955884522,value_STAG3,0.0,value_MGMT,-0.008116947290168375,value_H4K20me1,-0.012084469454354757,value_POU5F1,-0.008062418998291031
55,value_PAX6,1.423870604690503,value_HOXC9,-0.007885219040294838,value_CEBPD,-0.012004969436540213,value_INSR,-0.009888538243977073,value_H3K36me1,0.0,value_TOP2A,-0.008116947290168375,value_ZNF593,-0.012090124151744893,value_SVIL,-0.008062418998291031
56,value_CRTC1,1.3907371006163527,value_ACSS2,-0.008059497869201189,value_ATF4,-0.012174989113859636,value_SMARCC1,-0.010236280560703127,value_SMCHD1,-0.0016885854662101337,value_CENPA,-0.008116947290168375,value_OSR1,-0.012160372670602071,value_MGMT,-0.008062418998291033
57,value_CSRNP3,1.3826140420570088,value_FOXC1,-0.008129461856813586,value_ZNF593,-0.012591251923139703,value_MECP2,-0.010497173482151683,value_RCOR1,-0.003347026671851659,value_Biotin,-0.008116947290168375,value_BACH2,-0.012330557810296355,value_TOP2A,-0.008062418998291033
58,value_JUND,1.3404873209786463,value_FOXP1,-0.008824712735456512,value_OSR1,-0.01266441311000146,value_MITF,-0.01126685739470991,value_E2F4,-0.006483852846073036,value_LHX2,-0.008116947290168375,value_H3K18la,-0.012484657256818568,value_CENPA,-0.008062418998291033
59,value_TFAP2B,1.304832418494246,value_KDM4C,-0.008824712735456515,value_BACH2,-0.012841654589841036,value_JMJD6,-0.011348749087864693,value_Biotin,-0.008163333305850106,value_TP53,-0.008116947290168377,value_NOTCH1,-0.012903150386780238,value_SMARCC2,-0.008093609928013692
60,value_USF1,1.2968535892763875,value_LHX2,-0.008824712735456515,value_H3K18la,-0.013002143501193617,value_CSNK2A1,-0.011658388808912354,value_TP53,-0.00816333330585011,value_SMARCC2,-0.008148349200337841,value_SMCHD1,-0.012978875204445593,value_TCF4,-0.008177843123496514
61,value_ESRRG,1.2670015588292547,value_DNAJC2,-0.008824712735456515,value_NOTCH1,-0.01343798911721165,value_H3R8me2,-0.011837903675034327,value_DNAJC2,-0.00816333330585011,value_TBX2,-0.008434663535436027,value_HOXC9,-0.013208934433141634,value_WWTR1,-0.008776460403476858
62,value_MEF2C,1.2539665980428523,value_TOP2A,-0.008824712735456515,value_HOXC9,-0.013756452633377131,value_KLF4,-0.011947929475089327,value_POU5F1,-0.00816333330585011,value_WWTR1,-0.008835818668889224,value_ATF4,-0.013237468953957846,value_CNBP,-0.008844709311867564
63,value_E2F1,1.2385734015309164,value_SMARCA2,-0.008824712735456515,value_POU3F2,-0.014315190457539482,value_CEBPD,-0.01198237439745853,value_TOP2A,-0.008163333305850111,value_CNBP,-0.008904529241138623,value_SS18,-0.013924173369873739,value_DCP1A,-0.008859107329928983
64,value_ZNF608,1.2102256754627523,value_SVIL,-0.008824712735456515,value_SS18,-0.014501350554903399,value_CHAT,-0.01207555560010854,value_LHX2,-0.008163333305850113,value_SOX3,-0.009139303620140496,value_H3K36me2,-0.014062562972246105,value_ACSS2,-0.009162057482475635
65,value_TCF12,1.2008355339836518,value_NPAT,-0.008824712735456515,value_H3K9me2,-0.01539443837846454,value_SATB1,-0.012414492017972064,value_FOXP1,-0.008163333305850113,value_ACSS2,-0.009224024108485756,value_ALKBH1,-0.014071637290642638,value_INSR,-0.009464858093141161
66,value_MED1,1.1631739104099674,value_Biotin,-0.008824712735456515,value_PSIP1,-0.015429854152947165,value_OSR1,-0.012640576518660565,value_SMARCA2,-0.008163333305850113,value_INSR,-0.009528873044390445,value_PSIP1,-0.014815704965673243,value_THRA,-0.00964188368350326
67,value_ZC3H10,1.1532935357001932,value_SMARCC2,-0.00885885317872338,value_FOXJ3,-0.015482671700103891,value_BACH2,-0.012644945496640119,value_KDM4C,-0.008163333305850113,value_FOXC1,-0.009645492560697504,value_HDAC1,-0.014958477789677833,value_SMARCC1,-0.009797698314247481
68,value_INTS10,1.1156916607183465,value_CSNK2A1,-0.009527546902470447,value_HDAC1,-0.015578548080201126,value_NOTCH1,-0.013412696014337968,value_MGMT,-0.008163333305850114,value_THRA,-0.009707096158598558,value_TOP1,-0.015240321304615964,value_MITF,-0.010784109178233055
69,value_DNA-RNA_hybrid,1.0972374004519532,value_SUZ12,-0.0095401163087815,value_TOP1,-0.01587208050337124,value_HOXC9,-0.013730559892067779,value_CENPA,-0.008163333305850114,value_SMARCC1,-0.0098639648377906,value_ZMYND8,-0.015470572417234728,value_JMJD6,-0.010862491235121933
70,value_USF2,1.0587315691835857,value_WWTR1,-0.009606277485025549,value_CREBBP,-0.016515355804147508,value_POU3F2,-0.014288245624495072,value_SMARCC2,-0.008194914692877425,value_DCP1A,-0.009943819142522431,value_BRD3,-0.015752189936736192,value_H3S10ph,-0.011029990259877677
71,value_THAP1,1.0388397498522381,value_CNBP,-0.00968098050185599,value_POU6F1,-0.016695205264459608,value_SS18,-0.014474055175178021,value_CNBP,-0.00895541674880016,value_MITF,-0.010857048766323948,value_SMC3,-0.015910609929067426,value_H3R8me2,-0.011330681714245863
72,value_OLIG2,1.0054015868755604,value_MITF,-0.00989033101168918,value_FOXC1,-0.01712469483034308,value_PSIP1,-0.015400810279013162,value_SOX3,-0.009191533037028262,value_JMJD6,-0.010935961095363189,value_POU6F1,-0.016030666326647763,value_KLF4,-0.011435991953444318
73,value_MEF2A,1.0050716172521057,value_BACH2,-0.01006368338072981,value_macroH2A1,-0.01776194610099836,value_ZMYND8,-0.016081552752454306,value_INSR,-0.009583329177333445,value_CSNK2A1,-0.011234335434707848,value_ETS1,-0.017179144579348642,value_CEBPD,-0.011468960604671832
74,value_SIN3A,0.929565661060457,value_ATF4,-0.010131406910607708,value_ETS1,-0.017891321666247427,value_SUZ12,-0.01610302555223017,value_THRA,-0.009762571002693244,value_NFIB,-0.011444155604681545,value_H3K4me,-0.01720536028006494,value_CHAT,-0.011558148147217773
75,value_YAP1,0.9040182899937026,value_SMCHD1,-0.010215063486621531,value_H3K4me,-0.017918624845994324,value_BRD3,-0.016374298008192963,value_DCP1A,-0.01000064709554913,value_H3K9me1,-0.0114787504609919,value_GFP,-0.017268948363938563,value_SATB1,-0.011882557849558748
76,value_H3K36me3,0.8894084583804873,value_NANOG,-0.010263862145148971,value_GFP,-0.017984850702141914,value_FOXC1,-0.016577369698083266,value_MITF,-0.010919096925905132,value_KLF4,-0.011513341758841692,value_macroH2A1,-0.0172762187282241,value_ZNF593,-0.012029058644791363
77,value_H3K9me3,0.8857985912781742,value_INSR,-0.010359776272595283,value_H3K27M,-0.018391678013273693,value_POU6F1,-0.016663778325321746,value_JMJD6,-0.01099846034821225,value_CEBPD,-0.011546533459840174,value_H4K20me3,-0.01743652172590847,value_CREBBP,-0.012029235388133696
78,value_SMAD3,0.8085034787155163,value_KLF4,-0.010389744871507308,value_TOX2,-0.018489598766436893,value_TOX2,-0.018454791882762136,value_CSNK2A1,-0.011298540331635345,value_CHAT,-0.01163632440424711,value_H3K27M,-0.017659571373942678,value_OSR1,-0.012098952244489656
79,value_LIN28B,0.8068609434972707,value_SMARCC1,-0.01072409390159526,value_H3S10ph,-0.018914451586104223,value_WAPL,-0.020502016675971825,value_H3R8me2,-0.011472512811550423,value_SATB1,-0.01196292894531182,value_TOX2,-0.017753591753063954,value_BACH2,-0.012268277544081684
80,value_CTBP2,0.7993734645367537,value_CREBBP,-0.010824475264502545,value_WAPL,-0.020540687844341262,value_ZNF608,-0.020683859790513792,value_H3K9me1,-0.011544352571633802,value_ZNF593,-0.012110420928660241,value_SOX2,-0.01784718766474739,value_CIC,-0.012596826016426619
81,value_RARA,0.7833467710105289,value_EHMT2,-0.011376682535902119,value_ZNF608,-0.020722874246607553,value_H3K27me2,-0.020991222319817152,value_CEBPD,-0.01161252306039343,value_OSR1,-0.012180787414873473,value_FOXC1,-0.018154065990045532,value_NOTCH1,-0.012837977085217049
82,value_ARNTL,0.7807501207359698,value_H3K9me1,-0.012479726547588277,value_HDGF2,-0.021273736223197195,value_PPARA,-0.02116008112534825,value_CHAT,-0.011702827308685807,value_BACH2,-0.012351258346613488,value_H3S10ph,-0.01816152139457832,value_ATF4,-0.01317060644274295
83,value_TOX,0.7516335170149334,value_SS18,-0.012500270651850451,value_PPARA,-0.021356267209416767,value_HDGF2,-0.021233683748976977,value_SATB1,-0.012031298962904937,value_H3K18la,-0.012505616575572932,value_PPARA,-0.018220786821674627,value_POU3F2,-0.013675996474352135
84,value_H3K27me3,0.7438280215657436,value_CEBPD,-0.012553422178223826,value_CHD4,-0.02200757955106981,value_H3,-0.02141383575613073,value_ZNF593,-0.012179634133925124,value_H4K20me1,-0.012639885671997789,value_WAPL,-0.01972297248579459,value_SS18,-0.013853841010107712
85,value_JUN,0.7161336450478618,value_CHAT,-0.012651045530310462,value_E2F4,-0.02220059436078976,value_EHMT2,-0.021711583732351377,value_OSR1,-0.012250402897094522,value_RCOR1,-0.01279890186223155,value_ZNF608,-0.0198979002970359,value_IRF3,-0.014307235984517618
86,value_PATZ1,0.7039484657917701,value_SATB1,-0.013006140053197331,value_ZNF711,-0.02244540575921236,value_CHD4,-0.021966144144127987,value_BACH2,-0.012421848399846013,value_NOTCH1,-0.012924812505047165,value_HDGF2,-0.020426814125830355,value_HDAC1,-0.014882918817626312
87,value_HINFP,0.6905305920556155,value_ZNF593,-0.013166498130177081,value_H3K36me2,-0.02253787215439235,value_H3.3,-0.022280258612874172,value_H3K18la,-0.012577089095266798,value_SMCHD1,-0.01300066449415765,value_SUZ12,-0.020613045637611134,value_H3K27me2,-0.014893432705716006
88,value_TCF4,0.6809452190692309,value_TEAD1,-0.013894917659151436,value_IRF3,-0.022921574932718836,value_ZNF711,-0.022403145202544224,value_NOTCH1,-0.012998681621490881,value_HOXC9,-0.01323111008647802,value_MCM3,-0.02086317236129179,value_TOP1,-0.01516333802111892
89,value_ARID1A,0.6763327140943801,value_H3,-0.013902269062064213,value_ISL1,-0.023156796020384344,value_ISL1,-0.02311319463742133,value_H4K20me1,-0.01317783903889636,value_ATF4,-0.013259692528925397,value_ZNF711,-0.021551795634562193,value_ZMYND8,-0.015392425520298954
90,value_GLIS3,0.6739422060565161,value_POU3F2,-0.014969229273141177,value_EHMT2,-0.02462248438992498,value_FOXJ3,-0.023647613088872352,value_ATF4,-0.013335476253611514,value_SS18,-0.013947550247819587,value_EHMT2,-0.021583855203167298,value_POU6F1,-0.01594968879549775
91,value_KDM1A,0.6635482953603236,value_TWIST1,-0.01513631295905551,value_H3,-0.02535477345417008,value_H3K79suc,-0.023954070281617532,value_POU3F2,-0.013847195129933135,value_ALKBH1,-0.014095261839109061,value_ISL1,-0.022234835462889534,value_HIF1A,-0.016251937656926518
92,value_EBF3,0.661527636451233,value_ZMYND8,-0.015308473695478095,value_PRRX1,-0.025355442008526057,value_IRF3,-0.024240235820039122,value_SS18,-0.014027266821452528,value_FOSL2,-0.014389719046777587,value_FOXJ3,-0.02274892349496426,value_ZNF711,-0.016561705288928
93,value_MITF,0.6585111713240217,value_ZNF70,-0.01561399307184684,value_H3K79suc,-0.025413022340749,value_ZNF8,-0.02546152185852961,value_ALKBH1,-0.014175822987964002,value_PSIP1,-0.014840579248140619,value_H3K27me2,-0.023298376297099504,value_ETS1,-0.017092362325224337
94,value_ZNF143,0.648953458784133,value_HDAC1,-0.016290336488257774,value_ZNF565,-0.02578993856373632,value_ZNF565,-0.025741373061533904,value_PSIP1,-0.014925402086345192,value_HDAC1,-0.014983591882326097,value_H3K9me2,-0.023537308626490176,value_GFP,-0.017181712188809505
95,value_SS18,0.6026321977423414,value_HAND2,-0.016563913649355486,value_ATRX,-0.026005759632181297,value_ATRX,-0.025956787167871594,value_HDAC1,-0.015069232492100753,value_ZMYND8,-0.015496546681638421,value_MECP2,-0.02368817283358445,value_CHD4,-0.017422489238615755
96,value_NFIC,0.5774382170610731,value_SOX2,-0.016776627022442408,value_SNAI2,-0.027434631518198964,value_NFKB2,-0.025967666795381737,value_TOP1,-0.015353163787518326,value_ARID2,-0.015673533796479525,value_H3K79suc,-0.024401128503767553,value_TOX2,-0.017663905833124164
97,value_PRRX1,0.544902943212405,value_H2AK119ub,-0.016863821927555703,value_CSDC2,-0.028313279419726146,value_CREBBP,-0.02731597793085202,value_ZMYND8,-0.015585120545690985,value_H3K27me2,-0.01570226346915131,value_ZNF565,-0.024763018066196806,value_HDGF2,-0.017770368436181707
98,value_FOXM1,0.5124884851634299,value_TOX2,-0.01734800606097015,value_RNA-DNA_hybrids,-0.028395719722233783,value_SNAI2,-0.027382964358107238,value_BRD3,-0.015868824271020068,value_BRD3,-0.015778637254982786,value_ZNF8,-0.025733635662519964,value_WAPL,-0.01962333053839556
99,value_NFIB,0.5000563707805732,value_POU6F1,-0.0174580434615083,value_NFKB2,-0.028899218313544896,value_E2F4,-0.028243754830852997,value_POU6F1,-0.016149363652624038,value_H4K20me3,-0.015796484055765468,value_IRF3,-0.025881220677254974,value_ZNF608,-0.019797373909932855
100,value_ZFHX4,0.4994449572575438,value_ETS1,-0.017877253656127044,value_ZFP30,-0.029600511022363264,value_CSDC2,-0.02840009135013772,value_macroH2A1,-0.016705993078096178,value_POU6F1,-0.01605758143475132,value_SNAI2,-0.02634213163871327,value_PPARA,-0.020402455297260157
101,value_OTX2,0.48118328016393636,value_ZNF608,-0.0185509778723597,value_TSHZ2,-0.030216599564757397,value_RNA-DNA_hybrids,-0.028985824277939762,value_ZNF92,-0.01723227635902508,value_KDM1A,-0.016231483006405253,value_CTBP2,-0.026876423353122226,value_EHMT2,-0.021244513294481272
102,value_TFAP2A,0.47735213247870906,value_H3K4me,-0.01873740066850932,value_RCOR1,-0.030299905214075693,value_KAT2A,-0.02928727491581645,value_ETS1,-0.017306350591989515,value_EHMT2,-0.016632562261335353,value_E2F4,-0.02717015479469439,value_TSHZ2,-0.021819307054238624
103,value_CASZ1,0.4739253658648584,value_BNC2,-0.01880494224653918,value_H3K27me1,-0.03083340586232391,value_TEAD1,-0.030452799667323834,value_H3K4me,-0.01733276052758035,value_ETS1,-0.017207989057763846,value_CSDC2,-0.02736703040308339,value_FOXJ3,-0.022633979561396525
104,value_ZFP30,0.4631232695010015,value_RNF2,-0.01895745564847479,value_FOXM1,-0.031450611841576805,value_TSHZ2,-0.030689714684958343,value_GFP,-0.01739681974444049,value_H3K4me,-0.017234248801800127,value_RNA-DNA_hybrids,-0.028052612388244923,value_SUZ12,-0.023170942127529584
105,value_H4K12ac,0.45622800371438865,value_WAPL,-0.019558793345628215,value_ZNF70,-0.03172200872978371,value_ZFP30,-0.030724310224836595,value_H3K27M,-0.017790337004068194,value_GFP,-0.017297943716437805,value_TSHZ2,-0.02815588496061486,value_RCOR1,-0.023543195595668174
106,value_FOXJ3,0.4297879396871677,value_FOXJ3,-0.01961136436210704,value_MEF2A,-0.03181273988297949,value_ZNF70,-0.03166225212953094,value_TOX2,-0.017885054027930225,value_macroH2A1,-0.017305226295298425,value_ZNF92,-0.028273017609849797,value_ARID1A,-0.023798807073831436
107,value_E2F4,0.42825109562697317,value_ZFP30,-0.019665070111026674,value_ARID1A,-0.032175617265667256,value_PHOX2B,-0.03175012173197226,value_SOX2,-0.01797934344625996,value_HDGF2,-0.017321947225171636,value_ZFP30,-0.029556258370472623,value_PRRX1,-0.024146616938025344
108,value_GUCY1B3,0.42218068851185214,value_MEIS1,-0.02092165084746604,value_PHOX2B,-0.03260068074895141,value_PRRX1,-0.03185616563568283,value_H4K20me3,-0.018059428703262128,value_H2AK119ub,-0.01750415999543044,value_NANOG,-0.029861683857034617,value_H3K79suc,-0.024277826914391995
109,value_EZH2,0.41824977619103415,value_PHOX2B,-0.020944913530853832,value_ZNF8,-0.03273913027456902,value_EZH2,-0.03215026412640274,value_FOXC1,-0.018288495661330537,value_H3K27M,-0.017689223005761152,value_PHOX2B,-0.029955551924265023,value_ZNF565,-0.02463788560085601
110,value_BACH2,0.4113295696197634,value_IRF3,-0.021505507803993726,value_H2AK119ub,-0.03284608448063852,value_GUCY1B3,-0.03291027668908159,value_H3S10ph,-0.018296006309451003,value_TOX2,-0.017783401351020533,value_CREBBP,-0.030307811017119997,value_EZH2,-0.025622940079373543
111,value_CTCFL,0.4055141799383588,value_TBX2,-0.021799696162479804,value_GUCY1B3,-0.03297239371774872,value_FOXP2,-0.0332328414153402,value_USF1,-0.01888311740763509,value_SOX2,-0.017877154517256893,value_ZNF70,-0.030458475955739122,value_SNAI2,-0.026209008943360996
112,value_PITX3,0.40202934146098307,value_RCOR1,-0.021910526111230445,value_MCM3,-0.0333257193729348,value_H3K36me2,-0.033453743842753736,value_NANOG,-0.019009812921975604,value_HAND2,-0.017944096935256667,value_PRRX1,-0.030645002945379394,value_E2F4,-0.027032841564641433
113,value_BNC2,0.39961733126393834,value_ZNF8,-0.022173357893082585,value_AFF4,-0.033560972062867664,value_AFF4,-0.03349774373919882,value_H3,-0.01907834871324461,value_H3S10ph,-0.01819201638442877,value_AFF4,-0.03069621667316271,value_CSDC2,-0.027228720725300783
114,value_ZNF8,0.3994477182952529,value_GUCY1B3,-0.022469731439191253,value_SUZ12,-0.03368397589993834,value_FOXM1,-0.03421593999025086,value_WAPL,-0.01986902857975862,value_CHD4,-0.018779390580982002,value_GUCY1B3,-0.031658956453847566,value_TEAD1,-0.027846592591632593
115,value_HDAC2,0.38808397715068094,value_ZNF711,-0.023471229238714943,value_TCF4,-0.034752184689602166,value_TCF4,-0.03468670683394891,value_TOP2B,-0.019907507423175787,value_ISL1,-0.019764969860545677,value_TCF4,-0.03336769357404894,value_RNA-DNA_hybrids,-0.02791083251971263
116,value_GATA2,0.3817675354031886,value_ZFHX4,-0.023784211239324993,value_RNF2,-0.035143842133427805,value_ARID2,-0.03493772199348861,value_ZNF608,-0.020045252830041587,value_H3K9me2,-0.01986887471171461,value_CSRNP3,-0.03391764314061148,value_MEF2A,-0.028738764912505488
117,value_MAU2,0.3734130008957834,value_NFKB2,-0.02527616407518116,value_CSRNP3,-0.035325008043263585,value_CSRNP3,-0.035258448249320645,value_HDGF2,-0.02057808675479619,value_ZNF608,-0.019931313051509757,value_ZFHX4,-0.0340275246434848,value_ZFP30,-0.029406866138087264
118,value_RFX5,0.3725994222790097,value_ZNF92,-0.025455994900795312,value_ZFHX4,-0.035439460118176384,value_ZFHX4,-0.03537268413366924,value_PPARA,-0.020657916647648912,value_PPARA,-0.020540491507574976,value_H3,-0.03420492881685618,value_ZNF70,-0.029622853010054916
119,value_CSNK2A1,0.3682433283216931,value_RNA-DNA_hybrids,-0.026446938809614396,value_RBBP4,-0.03565151701845424,value_NANOG,-0.035851168468121995,value_ISL1,-0.021064273815607167,value_PRRX1,-0.02111168007633814,value_HAND2,-0.034316107393271164,value_ZNF8,-0.0296324613550161
120,value_VSX2,0.35570703393740566,value_E2F4,-0.026462072225618485,value_ZC3H10,-0.03601857523383816,value_ZC3H10,-0.03595070526798273,value_CHD4,-0.021287911726306435,value_ZNF711,-0.02158798811295294,value_ZC3H10,-0.03458351155332023,value_GUCY1B3,-0.03149891570155338
121,value_TOP2B,0.3351594421977011,value_GLIS3,-0.026755420348182957,value_CREB1,-0.036337390791358073,value_MEF2A,-0.036529327015676474,value_PRRX1,-0.021543653377904357,value_JUN,-0.02213319451629073,value_NFKB2,-0.034763598517990386,value_AFF4,-0.03206113672681729
122,value_EHMT2,0.3266302899832588,value_TCF4,-0.027150638076250566,value_ESRRG,-0.03668898976996638,value_CREB5,-0.03693871626850793,value_ZNF711,-0.021711407034434062,value_FOXJ3,-0.022787128370808568,value_MEF2A,-0.035140073594255555,value_CSRNP3,-0.03374615921139697
123,value_CTCF,0.30289995108503376,value_RXRA,-0.027306372388535526,value_KAT2A,-0.03668982315051024,value_RCOR1,-0.03706665425353916,value_FOXJ3,-0.022917409787465978,value_NFKB2,-0.02321225637739265,value_KAT2A,-0.03522794834446979,value_ZFHX4,-0.03385548389205272
124,value_ARID2,0.28756521814391156,value_PRRX1,-0.027927808985100232,value_CREB5,-0.037008456492412314,value_HAND2,-0.03734928451046113,value_H3K9me2,-0.023330707739279134,value_MECP2,-0.023727956837164495,value_CREB5,-0.035533853470743816,value_FOXM1,-0.03408669469308316
125,value_REST,0.2722978037448765,value_TOX,-0.030285377534660145,value_ARID2,-0.037205346528492486,value_ESRRG,-0.03748130993336228,value_H3K27me2,-0.023470936436744194,value_H3K79suc,-0.02444211131570867,value_RCOR1,-0.0356569131068027,value_ZC3H10,-0.034408653159616207
126,value_HIF1A,0.240637821656117,value_PATZ1,-0.03069675866358696,value_AFF1,-0.038365897938792984,value_TBX2,-0.038522292766370966,value_EHMT2,-0.023817213434891144,value_ZNF565,-0.024804609429622315,value_FOXM1,-0.03581106871275385,value_NANOG,-0.034650678990794
127,value_WWTR1,0.24060501209082144,value_CSRNP3,-0.03129542602749671,value_MEIS1,-0.0384516115116859,value_AFF1,-0.03880928110047473,value_MECP2,-0.023863623260623936,value_ATRX,-0.02501217437746382,value_H3K27me1,-0.036100279493305944,value_FOXP2,-0.035251752601867845
128,value_H3,0.22663598846269015,value_FOXM1,-0.03164460883789011,value_NANOG,-0.03851066154259163,value_CREB1,-0.03897776506220652,value_USF2,-0.024426088878615634,value_LIN28B,-0.02515693493728021,value_ESRRG,-0.03622710439858901,value_CREB5,-0.035354178166895546
129,value_H3.3,0.22526632713301672,value_ZC3H10,-0.03173821746196967,value_DNA-RNA_hybrid,-0.03896488934721267,value_ZNF92,-0.039645500391802035,value_ZNF565,-0.024946439167399154,value_IRF3,-0.0259246926130067,value_FOXP2,-0.03698344713814342,value_ESRRG,-0.036043914670624226
130,value_GATA3,0.22443902248051528,value_MAU2,-0.031952392429061,value_HAND2,-0.03906901811111269,value_RARB,-0.03964686301709131,value_HAND2,-0.025122841629409014,value_SNAI2,-0.026386378820227523,value_CREB1,-0.037193535569944126,value_CREB1,-0.036525798763937065
131,value_CNBP,0.21746307643950374,value_AFF4,-0.032025159525020934,value_RXRA,-0.03940574245067527,value_MEIS1,-0.039729909048793706,value_ATRX,-0.02515519243696321,value_TFAP2A,-0.02680276207903109,value_RARB,-0.038138708565637974,value_CASZ1,-0.036792275850010304
132,value_PDS5A,0.21518036237468988,value_ESRRG,-0.03209625234167282,value_TWIST1,-0.039515759110033515,value_RNF2,-0.03987859442279937,value_KDM1A,-0.02516751665814312,value_HINFP,-0.027119454859346987,value_MEIS1,-0.03821858616542314,value_AFF1,-0.037144281872711384
133,value_NOTCH1,0.20599009841813432,value_MEF2A,-0.032475750405910574,value_MAU2,-0.039639952157788726,value_ARID1A,-0.040122654609919525,value_NFIC,-0.025513135441808003,value_E2F4,-0.02721579484211435,value_ARID2,-0.03837074397587138,value_NFKB2,-0.03725199200193835
134,value_DCP1A,0.1941240577801675,value_ARID1A,-0.033208107965161666,value_RARB,-0.03972173176446419,value_GLIS3,-0.04209335831334039,value_TEAD1,-0.02571637621736082,value_CSDC2,-0.027413001653876237,value_RBBP4,-0.03897571521362963,value_ARID2,-0.03743155527261092
135,value_IRF3,0.18783602965652954,value_H3.3,-0.03337893803815634,value_GLIS3,-0.041589226856429344,value_TOX,-0.04321662651511228,value_NFKB2,-0.026041042901917243,value_H3K36me2,-0.027963921950338436,value_DNA-RNA_hybrid,-0.04003914950520835,value_ZNF92,-0.03745882731470268
136,value_ZMYND8,0.18649990792026577,value_CREB5,-0.03371510578551292,value_TBX2,-0.0417810701026684,value_RXRA,-0.044194077658198876,value_SNAI2,-0.026537265236904944,value_RNA-DNA_hybrids,-0.028099737076081648,value_GLIS3,-0.040491838244567424,value_RBBP4,-0.03746976599930315
137,value_HAND2,0.18604281810297416,value_KAT2A,-0.033952680953691354,value_TOX,-0.04329826053976638,value_TWIST1,-0.04458407009188579,value_RARA,-0.027160142306027216,value_ZFP30,-0.029605913293540183,value_HIF1A,-0.04076607987090123,value_RARB,-0.03794582524931592
138,value_ZNF593,0.1844826392990613,value_EZH2,-0.034385043965870894,value_EZH2,-0.04579219384051411,value_MAU2,-0.04592157658231147,value_CSDC2,-0.027569767380358552,value_MEIS1,-0.02997230472255775,value_ARID1A,-0.04095116238986991,value_ZFP3,-0.0379954323373834
139,value_RCOR1,0.18068628958240865,value_ARID2,-0.035693791865647605,value_PATZ1,-0.046339490029900086,value_PATZ1,-0.046252098401887716,value_HIF1A,-0.028015554193906302,value_PHOX2B,-0.030083473252735846,value_TOX,-0.04157222119876692,value_RNF2,-0.03995328350369955
140,value_NFKB2,0.17628869014734064,value_AFF1,-0.036969245755595556,value_KDM1A,-0.04903399370380771,value_DNA-RNA_hybrid,-0.046336142437246104,value_ZNF70,-0.028056661693397357,value_CREBBP,-0.030358730853637113,value_H2AK119ub,-0.041809834978450124,value_GLIS3,-0.04028701662333866
141,value_ZNF70,0.16495115188677775,value_DNA-RNA_hybrid,-0.03838450684742601,value_ZFP3,-0.049230894437596616,value_RBBP4,-0.046694718391930755,value_TSHZ2,-0.02974171591005025,value_RARA,-0.03145580449659565,value_ZFP3,-0.04230010270813242,value_TOX,-0.04136191615698092
142,value_THRA,0.16129768009794368,value_RARB,-0.03845568517539008,value_RARA,-0.0495288201173069,value_KDM1A,-0.047669921040350734,value_ZFP30,-0.029775240878884262,value_ZNF8,-0.031487821026085216,value_LIN28B,-0.042307869087472305,value_RARA,-0.04280964617939341
143,value_ZNF565,0.1596958221867281,value_CREB1,-0.03871668882597535,value_HIF1A,-0.05006128834647815,value_ZFP3,-0.047807079117078086,value_FOXP2,-0.029822145886474482,value_GUCY1B3,-0.0317121507962062,value_EZH2,-0.042997375455656864,value_MAU2,-0.04308819671083539
144,value_ETS1,0.14862894598248363,value_FOXP2,-0.03896200547531122,value_BNC2,-0.0501916043482178,value_CTBP2,-0.049018700857246515,value_FOXM1,-0.030651591150454238,value_TEAD1,-0.03222768735960347,value_RXRA,-0.04340811575404442,value_RXRA,-0.04318848936996912
145,value_ZFP3,0.14823648929598113,value_TFAP2A,-0.04236454666389775,value_CTBP2,-0.051998636471613506,value_HIF1A,-0.04923570652495168,value_ZNF8,-0.03166793282957137,value_H3,-0.03243047370838383,value_TWIST1,-0.04357649997745064,value_PATZ1,-0.0442666120086197
146,value_FOXP2,0.1436168670182149,value_RBBP4,-0.044932131034308355,value_H3.3,-0.05311480513887862,value_BNC2,-0.05009691299606909,value_GUCY1B3,-0.031893548367721215,value_ATF3,-0.032652160976496675,value_PATZ1,-0.04449174231602398,value_DNA-RNA_hybrid,-0.04524985794641899
147,value_NANOG,0.1429218465442293,value_KDM1A,-0.04558551867707629,value_LIN28B,-0.05567968623486193,value_RARA,-0.05603087888978768,value_TWIST1,-0.03194407631123468,value_RBBP4,-0.03272782830097865,value_KDM1A,-0.04707833317032567,value_KDM1A,-0.04684005870677742
148,value_RXRA,0.13733468506196542,value_CTBP2,-0.04886785958127076,value_CASZ1,-0.056683763844023974,value_LIN28B,-0.05662059655589012,value_ARID1A,-0.03202281033510311,value_ARNTL,-0.032748812803251544,value_BNC2,-0.0481895580922402,value_TOP2B,-0.04695689379265091
149,value_PPARA,0.1336499855234814,value_PAX6,-0.04962052680817233,value_PAX6,-0.057232890882751825,value_CASZ1,-0.057383388665680116,value_CREB1,-0.03275484589308206,value_TCF4,-0.033423765227611965,value_SMC1A,-0.04876275782376588,value_BNC2,-0.04794563389154503
150,value_TWIST1,0.13149602029554838,value_HIF1A,-0.05195655975759605,value_VSX2,-0.05865574127652162,value_PAX6,-0.057829736979920644,value_MCM3,-0.03320557372574545,value_MEF2A,-0.0336462671046181,value_CDYL,-0.04887218144462481,value_PITX3,-0.04981335823652742
151,value_RBBP4,0.12453518322202717,value_CASZ1,-0.052427513524669636,value_MED1,-0.06142145033025458,value_CDYL,-0.06224740168976724,value_TCF4,-0.03361497493006067,value_CSRNP3,-0.03397464105102073,value_MAU2,-0.048937543489036256,value_CTBP2,-0.05033010923351228
152,value_DYRK1A,0.12214163903094408,value_RARA,-0.053845639238038055,value_PITX3,-0.062110498808308816,value_ATF3,-0.06341472297571009,value_CSRNP3,-0.034169009458024854,value_ZFHX4,-0.03408470763503309,value_RARA,-0.04948787109524654,value_GATA3,-0.05241831905471546
153,value_H4K20me1,0.11841619472562308,value_HINFP,-0.05496824177564308,value_ATF3,-0.0635347684268494,value_PITX3,-0.06546099576661901,value_ZFHX4,-0.034279707202900855,value_ZC3H10,-0.03464163109657663,value_PAX6,-0.05266039429849498,value_PAX6,-0.0543461473850329
154,value_STAG1,0.11761062889640882,value_GATA3,-0.055411659989462375,value_RFX5,-0.06374414370087289,value_VSX2,-0.06589336734865504,value_ZC3H10,-0.0348398244811456,value_KAT2A,-0.03528715356712596,value_RAD21,-0.05370213456665901,value_LIN28B,-0.055367978886551844
155,value_SUZ12,0.11044158202787982,value_MED1,-0.055899533124114616,value_Crotonyllysine,-0.06499889543988441,value_OTX2,-0.0683819144128319,value_MEF2A,-0.03540052164395002,value_CREB5,-0.0355935741017538,value_OTX2,-0.055158218759230465,value_VSX2,-0.05946191088103578
156,value_SMARCC1,0.10152809673751405,value_GATA2,-0.05600214534587818,value_GATA3,-0.06619862672646279,value_RFX5,-0.0693280015202485,value_CREB5,-0.03579722750488786,value_FOXM1,-0.035871256442571685,value_H3.3,-0.0563591739611658,value_SMARCA4,-0.05957459475102439
157,value_ATF4,0.09854387726369454,value_LIN28B,-0.05801710778186668,value_CDYL,-0.06678457509743763,value_MED1,-0.07010210667935476,value_CHD7,-0.03584213977379913,value_ESRRG,-0.03628799318742789,value_CASZ1,-0.05671197207091788,value_CDYL,-0.05996828653048125
158,value_PHOX2B,0.09578566961288902,value_PITX3,-0.059800575796504926,value_OTX2,-0.06695485086129373,value_RBPJ,-0.07041541617223294,value_SUZ12,-0.03617214049395544,value_RARB,-0.03820281941115542,value_NFIB,-0.05681628491711529,value_ATF3,-0.0606877005252601
159,value_TSHZ2,0.09500706904640698,value_ATF3,-0.06036702971752646,value_GATA2,-0.06784143543717526,value_GATA3,-0.07056707778036954,value_H3K27me1,-0.036367862795125896,value_CREB1,-0.038347484504759666,value_MED1,-0.0568734762850024,value_GATA2,-0.06103519676676131
160,value_CREBBP,0.09193018992196691,value_VSX2,-0.062344540842227916,value_HINFP,-0.06819593064293049,value_TOP2B,-0.0720298996567951,value_ESRRG,-0.036495630242172,value_ARID1A,-0.03851148822930774,value_GATA3,-0.05734194189261211,value_MED1,-0.06308751115222343
161,value_FOXC1,0.08808632876405491,value_USF2,-0.06430394888124442,value_RBPJ,-0.07076170781446967,value_USF2,-0.07473299360237635,value_AFF1,-0.03760982579718932,value_OTX2,-0.038529837494307426,value_TFAP2A,-0.06014195271270723,value_OTX2,-0.06590580846760254
162,value_TBX2,0.08552402319655251,value_RBPJ,-0.06497217378403657,value_TFAP2A,-0.07243570322705097,value_SMARCA4,-0.07519755684552955,value_DNase-Seq,-0.0376680803263175,value_TCF12,-0.0400941660639801,value_ATF3,-0.06099687985862244,value_RBPJ,-0.06758793020393998
163,value_TEAD1,0.08449222853548952,value_NFIC,-0.06689322663449981,value_THAP1,-0.07309656804109184,value_THAP1,-0.07668035393790155,value_RARB,-0.0384214443578931,value_GLIS3,-0.04055991728873961,value_VSX2,-0.06287333010082867,value_RFX5,-0.06829233667216755
164,value_RNA-DNA_hybrids,0.08247505881127981,value_OTX2,-0.0688303564724409,value_USF2,-0.07312653157185914,value_TFAP2A,-0.07704268953806628,value_ZNF143,-0.039250336956459554,value_SMAD3,-0.04057497933520181,value_PITX3,-0.06296451490475549,value_TFAP2A,-0.07164731998371904
165,value_H2AK119ub,0.0792509283544937,value_RFX5,-0.06920095080527222,value_SMARCA4,-0.07407189861611532,value_HINFP,-0.07794559095806795,value_H3K36me2,-0.03986948193046631,value_TOX,-0.04164212289635572,value_SMARCA4,-0.06389176854688176,value_USF2,-0.07308200360384803
166,value_MEIS1,0.07391270845039051,value_NFIB,-0.07001365367045954,value_CHD7,-0.07739657761055613,value_MEF2C,-0.07961423775299468,value_THAP1,-0.04050999585884257,value_PATZ1,-0.04262264146382666,value_GTF3C2,-0.0659125004651986,value_THAP1,-0.07337715481854216
167,value_RNF2,0.06678257896090306,value_SIN3A,-0.0736417711335257,value_NFIB,-0.0787658419456912,value_GATA2,-0.08098031922463797,value_GLIS3,-0.04079207470232341,value_DNA-RNA_hybrid,-0.04563808911124172,value_RFX5,-0.06609043289699292,value_HINFP,-0.07365608753562498
168,value_SMCHD1,0.05877786949172208,value_HDAC2,-0.07484074920806973,value_H3K14ac,-0.07929983729471367,value_CHD7,-0.08253920561711961,value_OLIG2,-0.04089706158439712,value_EZH2,-0.04588008433176643,value_RBPJ,-0.06677526615993758,value_MEF2C,-0.07632128895650991
169,value_FOSL2,0.05735754653053262,value_TOP2B,-0.0758501080964923,value_MEF2C,-0.07990997047724818,value_NFIB,-0.08708787493848154,value_SMAD3,-0.04102167323312776,value_RBPJ,-0.04702454678908372,value_HINFP,-0.06854074670034382,value_NFIB,-0.07643347038657752
170,value_ZNF92,0.05452128419995366,value_THAP1,-0.08029717517911597,value_TOP2B,-0.08154491355641891,value_PHF8,-0.09258875832726193,value_TOX,-0.04188049600425462,value_MEF2C,-0.047488059227762856,value_ZNF143,-0.06859656555165645,value_CHD7,-0.07659702839269414
171,value_H3K9me2,0.05422201427739261,value_ZNF143,-0.08059684471311986,value_NFIC,-0.08594032967327796,value_CRTC1,-0.0927202029890576,value_NFIB,-0.04203892962822436,value_NFIC,-0.04794397632630439,value_GTF3C5,-0.0690532075836835,value_NFIC,-0.08448485999647924
172,value_KLF4,0.051925803702187835,value_FOSL2,-0.08231212660784935,value_CRTC1,-0.08627940562317084,value_ZNF143,-0.09377504329641892,value_LIN28B,-0.04285047931057789,value_BNC2,-0.04827063469255081,value_THAP1,-0.06925959470345472,value_ZNF143,-0.08500934190728353
173,value_H3K18la,0.05017557185188439,value_MEF2C,-0.08276614871802185,value_YAP1,-0.08786534179209132,value_NFIC,-0.09439040338404026,value_PATZ1,-0.04393169002416617,value_OLIG2,-0.04983965708225537,value_TOP2B,-0.0699588109799264,value_CRTC1,-0.08888611849242353
174,value_ALKBH1,0.0499809948684236,value_CHD7,-0.08850449786465282,value_ZNF143,-0.08896823360063598,value_Crotonyllysine,-0.09537215140298187,value_DNA-RNA_hybrid,-0.045935455860910974,value_CTBP2,-0.05037645635229303,value_GATA2,-0.07107973225565524,value_YAP1,-0.0901480999066875
175,value_TOP1,0.04760930349905429,value_YAP1,-0.09634461514379389,value_PHF8,-0.09160553872865679,value_YAP1,-0.09661932609998009,value_ZFP3,-0.04752092957701439,value_EBF3,-0.05146319961433244,value_MEF2C,-0.07280685681492752,value_PHF8,-0.09049172254696941
176,value_H4K20me3,0.04660714327325261,value_CRTC1,-0.09754000799480787,value_FOSL2,-0.09647000980167572,value_FOSL2,-0.09692226982134944,value_BNC2,-0.04854711737776115,value_ZEB1,-0.05206493203291255,value_USF2,-0.0728454483575957,value_FOSL2,-0.09335810428697086
177,value_SMARCA4,0.04609787960070382,value_GTF3C2,-0.09893339731166607,value_GTF3C2,-0.09651695935375233,value_HDAC2,-0.10062323782317664,value_MAU2,-0.04996410648653957,value_RFX5,-0.05226051163805081,value_CHD7,-0.0741517257372194,value_H3K9me3,-0.09350587782133311
178,value_H3S10ph,0.04365402902852342,value_PHF8,-0.10000824222676775,value_EBF3,-0.09958150327663073,value_SMAD3,-0.10206218217441837,value_H2AK119ub,-0.05145198445020581,value_H3.3,-0.05528401144355415,value_NFIC,-0.07533626867175351,value_H3K27me3,-0.09536341743280125
179,value_HDAC1,0.04107569598479429,value_TEAD4,-0.10052585887834752,value_FANCD2,-0.10022548182958145,value_FANCD2,-0.10634457184145647,value_CTBP2,-0.05159201022021926,value_PAX6,-0.05571989914107586,value_YAP1,-0.08296499210038637,value_GTF3C2,-0.09811431738432921
180,value_CHAT,0.03839091663630986,value_ARNTL,-0.10473978148444091,value_HDAC2,-0.10124352521500991,value_GTF3C2,-0.10643246240848242,value_ARNTL,-0.05367764396748206,value_MED1,-0.056182495489432216,value_ARNTL,-0.08399784846724333,value_SMAD3,-0.0991031948435397
181,value_SNAI2,0.03491999922017343,value_EBF3,-0.10672249709346182,value_SMAD3,-0.10129312664267694,value_EBF3,-0.11021476140949263,value_H3.3,-0.05392493220157287,value_ZNF143,-0.059112536604589004,value_CRTC1,-0.09061785755431793,value_TEAD4,-0.10198917648353302
182,value_CSDC2,0.034340109327746365,value_FANCD2,-0.10737000151804466,value_ARID1B,-0.10306322890217838,value_ZFX,-0.11385123657134376,value_CRTC1,-0.05407255129497888,value_THAP1,-0.05933561016456603,value_PHF8,-0.09203912337522711,value_FANCD2,-0.10392961061426527
183,value_SATB1,0.032035165962664744,value_SMAD3,-0.10857106831568453,value_ZFX,-0.1031845761853195,value_GTF3C5,-0.1147897546779165,value_ZEB1,-0.05458696921532343,value_GATA3,-0.059390691707623754,value_EBF3,-0.09303202850574473,value_Crotonyllysine,-0.10563269939812904
184,value_H3K79suc,0.02750410917830783,value_GTF3C5,-0.10993276241128602,value_FLI1,-0.10619916943120933,value_TEAD4,-0.11497275844303553,value_PAX6,-0.05603929821763392,value_HDAC2,-0.05965008705713003,value_TEAD4,-0.0936368029906916,value_HDAC2,-0.10643269504337942
185,value_H3K27M,0.027447469512651347,value_Crotonyllysine,-0.11288362642278553,value_TEAD4,-0.10832753721101335,value_ARNTL,-0.11542595222110445,value_CASZ1,-0.05713314590446752,value_YAP1,-0.060372357883452014,value_FOSL2,-0.09426025120834926,value_ARNTL,-0.10782199695586295
186,value_AFF1,0.026427078831676543,value_SMC1A,-0.11314993321702249,value_GTF3C5,-0.10987220487787698,value_CPSF3L,-0.11611212831866198,value_TFAP2A,-0.061756543864671117,value_CDYL,-0.06178952562231367,value_STAG1,-0.09941310929588819,value_GTF3C5,-0.10837116222621956
187,value_SOX2,0.02545289626667104,value_CPSF3L,-0.11519521149259777,value_H3K9me3,-0.1109461958867463,value_H3K27me3,-0.11691827979791888,value_CDYL,-0.06385536543207636,value_PITX3,-0.06307062366737609,value_HDAC2,-0.10299526215806132,value_EBF3,-0.10906030252526315
188,value_AFF4,0.022272522403785317,value_FLI1,-0.11649780790314679,value_CPSF3L,-0.11560870039885349,value_SMC1A,-0.1187956161734958,value_SMARCA4,-0.06521248196221294,value_FLI1,-0.06535554162140153,value_FANCD2,-0.10341526957005351,value_OLIG2,-0.10930013829338842
189,value_macroH2A1,0.021129137234100807,value_ZFX,-0.1259540565942199,value_H3K79me2,-0.11692456937552088,value_FLI1,-0.12071700019590711,value_MEF2C,-0.06619806245486341,value_GATA2,-0.06633269003834022,value_SMAD3,-0.10357351819948298,value_CPSF3L,-0.11167808595771135
190,value_H3K4me,0.01743284464382086,value_TCF12,-0.13284290639760019,value_SMC1A,-0.1187822216985018,value_H3K9me3,-0.12124097683943007,value_MED1,-0.06828723210895198,value_CIC,-0.0670173078758704,value_Crotonyllysine,-0.10962403923382391,value_SMC1A,-0.11310353562169863
191,value_SMC3,0.01363901503834086,value_H3K9me3,-0.13749379074859353,value_ARNTL,-0.12406576579381516,value_H3K14ac,-0.12174172894596386,value_HINFP,-0.06904969167515795,value_ASCL1,-0.06783220634171351,value_CPSF3L,-0.11119649671593516,value_ZFX,-0.1156131352496879
192,value_OSR1,0.011042127001593696,value_INTS10,-0.137911025252057,value_SIN3A,-0.12444914223864897,value_SIN3A,-0.12871158416463005,value_YAP1,-0.06917900793452593,value_USF2,-0.06784449119820486,value_FLI1,-0.11522778416273949,value_FLI1,-0.1158472203612164
193,value_ATRX,0.010233339534073255,value_JUND,-0.13916994528221713,value_INTS10,-0.13016975328912359,value_INTS10,-0.13236061220615747,value_PHF8,-0.06957205303173317,value_CHD7,-0.06840174423922363,value_ZFX,-0.11705837120045777,value_TCF12,-0.11764341616454607
194,value_HOXC9,0.009812574085924869,value_DYRK1A,-0.13997949386645622,value_JUND,-0.13398592267036602,value_ZBTB33,-0.14113783973376254,value_JUND,-0.07394594821874481,value_DYRK1A,-0.06982539184511508,value_INTS10,-0.11976281287479279,value_SIN3A,-0.1219468822667941
195,value_CHD4,0.004119499436282055,value_JUN,-0.1407809708271737,value_ZBTB33,-0.1367895559681142,value_ARID1B,-0.14118652804708837,value_EZH2,-0.07452465397701366,value_CRTC1,-0.07055791448271985,value_SIN3A,-0.12095723014268953,value_INTS10,-0.1278583868855774
196,value_POU3F2,0.0035316111233401307,value_ZBTB33,-0.1420855434216888,value_JUN,-0.13810286755135412,value_STAG2,-0.14238558326801068,value_FANCD2,-0.07784096825789187,value_USF1,-0.07405362699999027,value_STAG2,-0.1242217686199067,value_JUN,-0.12951548518018338
197,value_JMJD6,0.0027377429856787943,value_H3K27me3,-0.14371507665452699,value_H3K27me3,-0.14319025061843782,value_SMC3,-0.1466392549360005,value_Epitope_tags,-0.07865883724867055,value_TEAD4,-0.07761288255817408,value_ZEB1,-0.12999213762899417,value_ZEB1,-0.12990432915345113
198,value_H3K36me1,0.0,value_PBX3,-0.14420661941153556,value_STAG2,-0.14332887874295183,value_ZEB1,-0.14704313290763993,value_TFAP2B,-0.08288719598326655,value_GTF3C2,-0.08018784378018172,value_JUND,-0.13042718945864284,value_H3K79me2,-0.1300732279911165
199,value_TOP2A,0.0,value_STAG2,-0.14464321047574372,value_TCF12,-0.14385813507667508,value_TCF12,-0.15096343503930826,value_Crotonyllysine,-0.0852272984994432,value_GTF3C5,-0.08190296691532323,value_ZBTB33,-0.13187591911951294,value_ZBTB33,-0.132531196148326
200,value_LMO1,0.0,value_ZEB1,-0.1509644897516083,value_SMC3,-0.14536599303979106,value_REST,-0.15232337069816265,value_ZFX,-0.0930877888004952,value_FANCD2,-0.0868232107286062,value_REST,-0.13313639357949095,value_STAG2,-0.13499301242980383
201,value_LRIF1,0.0,value_SMC3,-0.15136225240798676,value_ZEB1,-0.14543001938043823,value_H3K79me2,-0.1532366511750988,value_SMC1A,-0.09704616095677948,value_BRCA1,-0.0871538932290764,value_BRCA1,-0.13429630801866194,value_JUND,-0.13953080914732188
202,value_MAML3,0.0,value_USF1,-0.1522413915697982,value_REST,-0.14914788037188983,value_JUND,-0.15530414582120702,value_H3K9me3,-0.09802315588166845,value_PHF8,-0.09219492713129969,value_ASCL1,-0.1346926464354833,value_SMC3,-0.1398684682594903
203,value_H4R3me2,0.0,value_H3K79me2,-0.15684376541634684,value_PBX3,-0.15382681655414815,value_JUN,-0.15541984217310442,value_REST,-0.10113438853782868,value_SIN3A,-0.10006827668464384,value_TCF12,-0.13655026546739368,value_H3K14ac,-0.14236168671134203
204,value_MYB,0.0,value_BRCA1,-0.16141666913128183,value_DYRK1A,-0.15424344178642285,value_PBX3,-0.15590359302763332,value_TCF12,-0.10132285927271648,value_Crotonyllysine,-0.10009459013953888,value_JUN,-0.13893308058820505,value_PBX3,-0.1442725513995788
205,value_KDM4C,0.0,value_ARID1B,-0.16210328105590688,value_BRCA1,-0.15556656127648388,value_DYRK1A,-0.1604586425633874,value_FLI1,-0.1055361103215156,value_ZFX,-0.10111815104451125,value_H3K27me3,-0.13903500461977092,value_REST,-0.14569828758858325
206,value_PARK7,0.0,value_CTCFL,-0.16336350926226745,value_OLIG2,-0.15956804788722592,value_CTCFL,-0.16522526575648427,value_PBX3,-0.10764287115517444,value_CPSF3L,-0.10375617339790318,value_PBX3,-0.14008198683842205,value_ARID1B,-0.15153359290714044
207,value_INSR,0.0,value_OLIG2,-0.16348507052906325,value_CTCFL,-0.16702723146122903,value_CIC,-0.16772984466913438,value_CPSF3L,-0.10858854340138979,value_JUND,-0.10544143376282782,value_H3K9me3,-0.1408432525894291,value_TFAP2B,-0.15218309181875533
208,value_POU6F1,0.0,value_H3K14ac,-0.16534601433943036,value_USF1,-0.1671498792642693,value_OLIG2,-0.17047717352548852,value_BRCA1,-0.11379232878839643,value_Epitope_tags,-0.11273368437158225,value_ARID1B,-0.14359689254609825,value_DYRK1A,-0.15312441266751028
209,value_STAG3,0.0,value_CHD2,-0.1829232071310437,value_CHD2,-0.17147540878796383,value_BRCA1,-0.17282776346594012,value_SIN3A,-0.11403755056142616,value_ZBTB33,-0.1147134119635327,value_USF1,-0.1492184546313806,value_CTCFL,-0.1580779154034213
210,value_ERG,0.0,value_RAD21,-0.18533841107775018,value_H4K16ac,-0.18001389832747103,value_CHD2,-0.1768345204951882,value_EP300,-0.1141647400337561,value_INTS10,-0.11649295725773473,value_DYRK1A,-0.1500335904517467,value_BRCA1,-0.1590960843751828
211,value_ZNF117,0.0,value_PDS5A,-0.1925598627022842,value_RAD21,-0.18254273360353962,value_USF1,-0.17686203650901836,value_ASCL1,-0.11803767728082558,value_H3K4me2,-0.11681804204232811,value_OLIG2,-0.1534521141196053,value_CHD2,-0.16516362735608292
212,value_CEBPD,0.0,value_E2F1,-0.19366937374213458,value_PDS5A,-0.18340443916074897,value_RAD21,-0.18084194348396374,value_ZBTB33,-0.1182853776063342,value_MYCN,-0.11888106442956625,value_H3K79me2,-0.15447846383144234,value_RAD21,-0.1658311641894478
213,value_RB1,0.0,value_STAG1,-0.20006921629869476,value_STAG1,-0.18629623313006546,value_PDS5A,-0.18290904448032874,value_SMC3,-0.12047056006476883,value_REST,-0.1224143241846331,value_TFAP2B,-0.16497856986120132,value_USF1,-0.16623019881621276
214,value_CDK9,0.0,value_TFAP2B,-0.20014371376262396,value_H4K8ac,-0.1863743350926161,value_STAG1,-0.19211500636961243,value_CTCFL,-0.122132283928081,value_E2F1,-0.12316747818098427,value_CHD2,-0.1659202740028782,value_PDS5A,-0.17637909753707406
215,value_EZH1,0.0,value_ASCL1,-0.21715595475308652,value_TFAP2B,-0.19027138897937057,value_E2F1,-0.19507543108946399,value_CTCF,-0.13224382482235053,value_BMI1,-0.1232898387425047,value_CIC,-0.17249221822554003,value_STAG1,-0.18429271007022818
216,value_RAD21,-0.0007248787483664625,value_NEUROD1,-0.21963402773430818,value_E2F1,-0.1918525375977942,value_TFAP2B,-0.20145889880530618,value_ARID1B,-0.13782704541315102,value_CHD2,-0.12830322274178976,value_H3K14ac,-0.17509681317855902,value_E2F1,-0.18696048253010328
217,value_ISL1,-0.0010094387405290542,value_Epitope_tags,-0.22226266742264564,value_H3K36me3,-0.19296973912633075,value_ASCL1,-0.20216517096181336,value_CHD2,-0.13817402389703665,value_DNase-Seq,-0.1294901903361475,value_PDS5A,-0.17624317634765457,value_H3K36me3,-0.20295532325425558
218,value_TEAD4,-0.001580591331677293,value_CTCF,-0.22346877640746177,value_MYC,-0.1957490359519534,value_NEUROD1,-0.21429052509694854,value_RAD21,-0.13876756347853705,value_PBX3,-0.13062502179788743,value_BMI1,-0.17737976212808465,value_NEUROD1,-0.20333196582994345
219,value_WAPL,-0.0032248921939283005,value_MYC,-0.2299350078001606,value_BRD2,-0.19737346880882242,value_CTCF,-0.21589271072343794,value_CIC,-0.1408184425408457,value_H3K9me3,-0.13318853811520937,value_E2F1,-0.18499558434047506,value_CTCF,-0.2048585602878403
220,value_GTF3C2,-0.0034255055989255608,value_H3K36me3,-0.23212971204526872,value_ASCL1,-0.20434251274248916,value_H4K8ac,-0.22254411705967453,value_STAG1,-0.1425700436918272,value_ARID1B,-0.13324385116296533,value_H3K36me3,-0.19341467285715927,value_Epitope_tags,-0.21213005513588848
221,value_HDGF2,-0.004226064981311172,value_CIC,-0.24891453619821813,value_NEUROD1,-0.2057124927673237,value_MYC,-0.22783431242473087,value_H3K122ac,-0.1495272978436989,value_MXI1,-0.14082910745751875,value_NEUROD1,-0.19971668523303976,value_MYC,-0.21224265659522903
222,value_MCM3,-0.005898545929302471,value_MXI1,-0.25335223174592436,value_CHD8,-0.20968209565790616,value_BRD2,-0.22814104399571955,value_H4K12ac,-0.15030250171392417,value_MYC,-0.14465688266371093,value_H3K4me2,-0.20745094406025444,value_BMI1,-0.21956075214757198
223,value_SMARCA2,-0.009293985345385575,value_BRD2,-0.2557600695845087,value_CTCF,-0.2163527578688092,value_H3K36me3,-0.23207231948090132,value_BMI1,-0.15043409825585174,value_NRF1,-0.14817618171718738,value_Epitope_tags,-0.20797501252505587,value_INTS13,-0.2342107889783773
224,value_TP53,-0.009293985345385575,value_INTS13,-0.26322860336134063,value_H4K5ac,-0.21921825529492486,value_Epitope_tags,-0.23997669301496344,value_MYC,-0.15342511221301894,value_H3K36me3,-0.14968146976655097,value_MYC,-0.21083278338858427,value_BRD2,-0.2357892108236106
225,value_LHX2,-0.009293985345385575,value_ELF1,-0.26682323641007377,value_CIC,-0.22161511792038385,value_INTS13,-0.2502582979182776,value_MXI1,-0.15645151202014274,value_H3K27me3,-0.15809852384385034,value_H4K8ac,-0.22575295676905965,value_MXI1,-0.23594963180891618
226,value_NPAT,-0.009293985345385577,value_H4K8ac,-0.2728403650742948,value_Epitope_tags,-0.23190897933513052,value_H3K4me2,-0.25509531007465147,value_PDS5A,-0.1634854340820533,value_H3K79me2,-0.16301473792598,value_ELF1,-0.22977238251547158,value_ELF1,-0.24329992921397253
227,value_POU5F1,-0.009293985345385577,value_YY1,-0.27521126396187473,value_MXI1,-0.2346988267295807,value_ELF1,-0.2566815153795488,value_INTS13,-0.16444271147739473,value_H3K14ac,-0.16432635666000459,value_MXI1,-0.23071190307689093,value_H4K8ac,-0.24514329793405332
228,value_DNAJC2,-0.009293985345385577,value_BRD4,-0.28010871820483907,value_H4K5K8ac,-0.2351277557564232,value_H4K16ac,-0.2612746092002889,value_H3K14ac,-0.16492127452329283,value_ELF1,-0.16490321623950502,value_BRD2,-0.23770708134033572,value_YY1,-0.24522453507349073
229,value_SVIL,-0.009293985345385577,value_H4K12ac,-0.2831300809671438,value_H3K122ac,-0.2373348965791716,value_MXI1,-0.2620591573328313,value_MYCN,-0.16962599642496115,value_GABPA,-0.17420501635359537,value_INTS13,-0.2394836838074212,value_H4K12ac,-0.2557890218586711
230,value_CENPA,-0.009293985345385577,value_BMI1,-0.2932035103387299,value_INTS13,-0.23904694585195155,value_CHD8,-0.26461947634009525,value_H3K79me2,-0.17421342649869864,value_YY1,-0.17546716502434823,value_YY1,-0.24433578775480908,value_H4K16ac,-0.2612298463942387
231,value_MGMT,-0.009293985345385577,value_CHD8,-0.29835572132903043,value_H3K4me2,-0.244625052211411,value_YY1,-0.2654560000696438,value_NEUROD1,-0.18553422947045461,value_MAX,-0.1877614106545257,value_MYCN,-0.2601128786704089,value_BRD4,-0.2614311379977001
232,value_Biotin,-0.009293985345385577,value_H4K16ac,-0.29873296067660715,value_YY1,-0.24500829152189704,value_H4K12ac,-0.2672399771871185,value_YY1,-0.1938635047322,value_NEUROD1,-0.18834748505011892,value_NRF1,-0.2617081889904897,value_H3K4me2,-0.2703363370441083
233,value_FOXP1,-0.009293985345385579,value_NRF1,-0.3136126041493074,value_H2A.Z,-0.24554799640051142,value_BRD4,-0.2722430114622755,value_ELF1,-0.19905294656812034,value_INTS13,-0.18929526346691672,value_GABPA,-0.2621629596206681,value_CHD8,-0.27306183525903976
234,value_H3K27me1,-0.010405067285748141,value_GABPA,-0.3146610003139101,value_ELF1,-0.24938488535120676,value_H3K122ac,-0.2837560299266325,value_MAX,-0.2008192605515804,value_BRD4,-0.20752691684523292,value_BRD4,-0.26738268167599877,value_GABPA,-0.27938962376458415
235,value_SOX3,-0.010464622217941795,value_WDR5,-0.31623514471970265,value_BRD4,-0.25473532436765717,value_H4K5ac,-0.2966171571118222,value_GABPA,-0.20886499774797704,value_EP300,-0.2159850159971327,value_CHD8,-0.269365448674092,value_NRF1,-0.28662122866686307
236,value_ACSS2,-0.010561630840825578,value_MYCN,-0.3232086384932722,value_H3K9K14ac,-0.25921267750393323,value_NRF1,-0.3001900405634718,value_H4K5K8ac,-0.22081992419606808,value_BRD2,-0.21676070587133323,value_H4K16ac,-0.2808494685238709,value_WDR5,-0.2930845443916159
237,value_H3K36me2,-0.012844767495449905,value_H4K5K8ac,-0.3234284384229727,value_WDR5,-0.27443259738681564,value_GABPA,-0.30109062079208787,value_BRD2,-0.22500346967641005,value_WDR5,-0.22067314684387923,value_H4K5K8ac,-0.28731042662415385,value_MYCN,-0.29425677329185346
238,value_H3R8me2,-0.01306162421095612,value_TAF1,-0.33670720339449056,value_H4K12ac,-0.27473906381298535,value_WDR5,-0.30356142699015665,value_H4K8ac,-0.23034501478005365,value_H4K8ac,-0.2277825055631083,value_WDR5,-0.29011293064662635,value_TAF1,-0.30185637577869484
239,value_H3K9me1,-0.013143418050561038,value_H3K122ac,-0.3445728333254067,value_GABPA,-0.2784601199358801,value_H4K5K8ac,-0.31084540864687943,value_CHD8,-0.2370230233562981,value_CHD8,-0.2354044698476345,value_TAF1,-0.30248462583446567,value_H3K122ac,-0.3107494936395098
240,value_BRD3,-0.01578534228374014,value_EP300,-0.3464346826478994,value_H3K9ac,-0.28130694272214796,value_MYCN,-0.31486366714275166,value_WDR5,-0.2458177402136108,value_H4K5K8ac,-0.24331589410498664,value_H2A.Z,-0.3069407450631377,value_EP300,-0.3122634426980605
241,value_RBPJ,-0.01602973893255892,value_MAX,-0.3529877405036221,value_H3K27ac,-0.28145838389741884,value_TAF1,-0.31862316307844946,value_H3K27ac,-0.25190395132255067,value_H2A.Z,-0.2556107121744481,value_H4K5ac,-0.3083311448107826,value_H2A.Z,-0.3134194245380395
242,value_PSIP1,-0.01699301870152213,value_H4K5ac,-0.3539508647371434,value_BMI1,-0.2827200104848631,value_H2A.Z,-0.3269465007792835,value_H4K16ac,-0.2536642867202645,value_TAF1,-0.25914434969978595,value_H3K122ac,-0.30845849536006487,value_H4K5K8ac,-0.3150411951699907
243,value_GFP,-0.019807036273805624,value_H3K4me2,-0.358417470003735,value_NRF1,-0.2907841529795929,value_H3K9K14ac,-0.3412956426616807,value_H2A.Z,-0.25391920707329724,value_H4K16ac,-0.259556039859607,value_MAX,-0.313668586386289,value_H4K5ac,-0.3178182248472442
244,value_H3K27me2,-0.02368729168619288,value_H2A.Z,-0.36188128884123366,value_MYCN,-0.2923023296641808,value_EP300,-0.34598673785724104,value_H3K4me1,-0.26150804385619125,value_H3K122ac,-0.2684134990772757,value_EP300,-0.3153824436582373,value_MAX,-0.3429483339283549
245,value_MECP2,-0.025984514456347023,value_RNA_polymerase_II,-0.3908887750521062,value_TAF1,-0.3120150122204804,value_H3K27ac,-0.3627259641665803,value_H3K4me2,-0.26544725168204797,value_H4K5ac,-0.282949807809612,value_DNase-Seq,-0.34531826233603496,value_RNA_polymerase_II,-0.35305957056725673
246,value_KAT2A,-0.03658151910037889,value_H3K9K14ac,-0.404268586612594,value_EP300,-0.32197861501483405,value_RNA_polymerase_II,-0.36570888501165244,value_RNA_polymerase_II,-0.2727400971950098,value_RNA_polymerase_II,-0.2974138352035589,value_RNA_polymerase_II,-0.3512003619091387,value_H3K9K14ac,-0.3545877223748386
247,value_CDYL,-0.04021011283834463,value_DNase-Seq,-0.41266759766362215,value_MAX,-0.34266178877153447,value_MAX,-0.36744885180600745,value_H3K9K14ac,-0.2824844188272611,value_H3K9K14ac,-0.32602227653351745,value_H3K9K14ac,-0.35534388793106614,value_H3K27ac,-0.37409812297069694
248,value_ATF3,-0.059475256549209876,value_H3K27ac,-0.41520504965743454,value_RNA_polymerase_II,-0.34419649591892104,value_H3K9ac,-0.36787480040259785,value_TAF1,-0.2835008732786724,value_H3K27ac,-0.3348040543302446,value_H3K27ac,-0.37049842603662364,value_DNase-Seq,-0.38160617904826044
249,value_SMC1A,-0.06003384992831352,value_H3K9ac,-0.45077798927400353,value_H3K4me1,-0.3517470700085154,value_DNase-Seq,-0.4106457572461956,value_H3K4me3,-0.30025306437512844,value_H3K9ac,-0.3685860902106932,value_H3K9ac,-0.4054020027671384,value_H3K9ac,-0.3954835443237131
250,value_GTF3C5,-0.08886174462774632,value_H3K4me1,-0.500137537302755,value_H3K4me3,-0.35806877967791634,value_H3K4me1,-0.4163531149280231,value_H4K5ac,-0.3052789451587189,value_H3K4me1,-0.3703808748312435,value_H3K4me1,-0.4296654089421267,value_H3K4me1,-0.41258048849656875
251,value_STAG2,-0.11167739602665974,value_H3K4me3,-0.5367499252234009,value_DNase-Seq,-0.3968024630712429,value_H3K4me3,-0.4426692783563319,value_H3K9ac,-0.31745321516565606,value_H3K4me3,-0.4088262038947371,value_H3K4me3,-0.46661738642911194,value_H3K4me3,-0.45542659419717463
